date,HHA11AS001XQ01,HHA31AS001XQ01,HHA51AS001XQ01,HHA71AS001XQ01,HHA81AS001XQ01,HNA00AA001AXQ01,HNA00AA002AXQ01,LAF14CG101XQ01,LAF31CG101XQ01,LAF33CG101XQ01
2016/3/1 0:00,80,80,80,80,80,100,85,2.59463,0.824176,0.152625
2016/3/1 0:01,80,80,80,80,80,100,85,2.53358,0.824176,0.152625
2016/3/1 0:02,80,80,80,80,80,100,85,2.53358,0.824176,0.152625
2016/3/1 0:03,80,80,80,80,80,100,85,2.59463,0.824176,0.152625
2016/3/1 0:04,80,80,80,80,80,100,85,2.59463,0.824176,0.152625
2016/3/1 0:05,80,80,80,80,80,100,85,2.59463,0.824176,0.152625
2016/3/1 0:06,80,80,80,80,80,100,85,2.59463,0.824176,0.152625
2016/3/1 0:07,80,80,80,80,80,100,85,2.59463,0.824176,0.213675
2016/3/1 0:08,80,80,80,80,80,100,85,2.59463,0.824176,0.152625
2016/3/1 0:09,80,80,80,80,80,100,85,2.59463,0.824176,0.152625
2016/3/1 0:10,80,80,80,80,80,100,85,2.59463,0.824176,0.152625
2016/3/1 0:11,80,80,80,80,80,100,85,2.59463,0.824176,0.152625
2016/3/1 0:12,80,80,80,80,80,100,85,2.53358,0.824176,0.152625
2016/3/1 0:13,80,80,80,80,80,100,85,2.59463,0.824176,0.152625
2016/3/1 0:14,80,80,80,80,80,100,85,2.59463,0.824176,0.152625
2016/3/1 0:15,80,80,80,80,80,100,85,2.53358,0.824176,0.152625
2016/3/1 0:16,80,80,80,80,80,100,85,2.59463,0.824176,0.152625
2016/3/1 0:17,80,80,80,80,80,100,85,2.59463,0.824176,0.152625
2016/3/1 0:18,80,80,80,80,80,100,85,2.53358,0.824176,0.152625
2016/3/1 0:19,80,80,80,80,80,100,85,2.59463,0.824176,0.152625
2016/3/1 0:20,80,80,80,80,80,100,85,2.59463,0.824176,0.152625
2016/3/1 0:21,80,80,80,80,80,100,85,2.59463,0.824176,0.152625
2016/3/1 0:22,80,80,80,80,80,100,85,2.59463,0.824176,0.152625
2016/3/1 0:23,80,80,80,80,80,100,85,2.53358,0.824176,0.152625
2016/3/1 0:24,80,80,80,80,80,100,85,2.59463,0.824176,0.152625
2016/3/1 0:25,80,80,80,80,80,100,85,2.53358,0.824176,0.152625
2016/3/1 0:26,80,80,80,80,80,100,85,2.59463,0.824176,0.152625
2016/3/1 0:27,80,80,80,80,80,100,85,2.59463,0.824176,0.152625
2016/3/1 0:28,80,80,80,80,80,100,85,2.53358,0.824176,0.152625
2016/3/1 0:29,80,80,80,80,80,100,85,2.59463,0.824176,0.152625
2016/3/1 0:30,80,80,80,80,80,100,85,2.59463,0.824176,0.152625
2016/3/1 0:31,80,80,80,80,80,100,85,2.59463,0.824176,0.152625
2016/3/1 0:32,80,80,80,80,80,100,85,2.59463,0.824176,0.152625
2016/3/1 0:33,80,80,80,80,80,100,85,2.59463,0.824176,0.152625
2016/3/1 0:34,80,80,80,80,80,100,85,2.59463,0.824176,0.152625
2016/3/1 0:35,80,80,80,80,80,100,85,2.53358,0.824176,0.152625
2016/3/1 0:36,80,80,80,80,80,100,85,2.53358,0.824176,0.152625
2016/3/1 0:37,80,80,80,80,80,100,85,2.59463,0.824176,0.152625
2016/3/1 0:38,80,80,80,80,80,100,85,2.53358,0.824176,0.152625
2016/3/1 0:39,80,80,80,80,80,100,85,2.59463,0.824176,0.152625
2016/3/1 0:40,80,80,80,80,80,100,85,2.59463,0.824176,0.152625
2016/3/1 0:41,80,80,80,80,80,100,85,2.59463,0.824176,0.152625
2016/3/1 0:42,80,80,80,80,80,100,85,2.59463,0.824176,0.152625
2016/3/1 0:43,80,80,80,80,80,100,85,2.59463,0.824176,0.152625
2016/3/1 0:44,80,80,80,80,80,100,85,2.53358,0.824176,0.152625
2016/3/1 0:45,80,80,80,80,80,100,85,2.59463,0.824176,0.152625
2016/3/1 0:46,80,80,80,80,80,100,85,2.59463,0.824176,0.152625
2016/3/1 0:47,80,80,80,80,80,100,85,2.59463,0.824176,0.152625
2016/3/1 0:48,80,80,80,80,80,100,85,2.53358,0.824176,0.152625
2016/3/1 0:49,80,80,80,80,80,100,85,2.53358,0.824176,0.152625
2016/3/1 0:50,80,80,80,80,80,100,85,2.59463,0.824176,0.152625
2016/3/1 0:51,80,80,80,80,80,100,85,2.59463,0.824176,0.152625
2016/3/1 0:52,80,80,80,80,80,100,85,2.53358,0.824176,0.152625
2016/3/1 0:53,80,80,80,80,80,100,85,2.59463,0.824176,0.152625
2016/3/1 0:54,80,80,80,80,80,100,85,2.53358,0.824176,0.152625
2016/3/1 0:55,80,80,80,80,80,100,85,2.59463,0.824176,0.152625
2016/3/1 0:56,80,80,80,80,80,100,85,2.59463,0.824176,0.152625
2016/3/1 0:57,80,80,80,80,80,100,85,2.59463,0.824176,0.152625
2016/3/1 0:58,80,80,80,80,80,100,85,2.59463,0.824176,0.152625
2016/3/1 0:59,80,80,80,80,80,100,85,2.59463,0.824176,0.152625
2016/3/1 1:00,80,80,80,80,80,100,85,2.59463,0.824176,0.152625
2016/3/1 1:01,80,80,80,80,80,100,85,2.53358,0.824176,0.152625
2016/3/1 1:02,80,80,80,80,80,100,85,2.59463,0.824176,0.152625
2016/3/1 1:03,80,80,80,80,80,100,85,2.59463,0.824176,0.152625
2016/3/1 1:04,80,80,80,80,80,100,85,2.59463,0.824176,0.152625
2016/3/1 1:05,80,80,80,80,80,100,85,2.59463,0.824176,0.152625
2016/3/1 1:06,80,80,80,80,80,100,85,2.59463,0.824176,0.152625
2016/3/1 1:07,80,80,80,80,80,100,85,2.59463,0.824176,0.152625
2016/3/1 1:08,80,80,80,80,80,100,85,2.59463,0.824176,0.152625
2016/3/1 1:09,80,80,80,80,80,100,85,2.53358,0.824176,0.152625
2016/3/1 1:10,80,80,80,80,80,100,85,2.59463,0.824176,0.152625
2016/3/1 1:11,80,80,80,80,80,100,85,2.53358,0.824176,0.152625
2016/3/1 1:12,80,80,80,80,80,100,85,2.59463,0.824176,0.152625
2016/3/1 1:13,80,80,80,80,80,100,85,2.53358,0.824176,0.152625
2016/3/1 1:14,80,80,80,80,80,100,85,2.53358,0.824176,0.152625
2016/3/1 1:15,80,80,80,80,80,100,85,2.53358,0.824176,0.152625
2016/3/1 1:16,80,80,80,80,80,100,85,2.59463,0.824176,0.152625
2016/3/1 1:17,80,80,80,80,80,100,85,2.59463,0.824176,0.152625
2016/3/1 1:18,80,80,80,80,80,100,85,2.59463,0.824176,0.152625
2016/3/1 1:19,80,80,80,80,80,100,85,2.53358,0.824176,0.152625
2016/3/1 1:20,80,80,80,80,80,100,85,2.59463,0.824176,0.152625
2016/3/1 1:21,80,80,80,80,80,100,85,2.53358,0.824176,0.152625
2016/3/1 1:22,80,80,80,80,80,100,85,2.53358,0.824176,0.152625
2016/3/1 1:23,80,80,80,80,80,100,85,2.59463,0.824176,0.152625
2016/3/1 1:24,80,80,80,80,80,100,85,2.59463,0.824176,0.152625
2016/3/1 1:25,80,80,80,80,80,100,85,2.59463,0.824176,0.152625
2016/3/1 1:26,80,80,80,80,80,100,85,2.53358,0.824176,0.152625
2016/3/1 1:27,80,80,80,80,80,100,77,2.59463,0.824176,0.152625
2016/3/1 1:28,80,80,80,80,80,100,77,2.59463,0.824176,0.152625
2016/3/1 1:29,80,80,80,80,80,100,77,2.59463,0.824176,0.152625
2016/3/1 1:30,80,80,80,80,80,100,77,2.59463,0.824176,0.152625
2016/3/1 1:31,80,80,80,80,80,100,77,2.53358,0.824176,0.152625
2016/3/1 1:32,80,80,80,80,80,100,77,2.59463,0.824176,0.152625
2016/3/1 1:33,80,80,80,80,80,100,77,2.59463,0.824176,0.152625
2016/3/1 1:34,80,80,80,80,80,100,77,2.59463,0.824176,0.152625
2016/3/1 1:35,80,80,80,80,80,100,77,2.59463,0.824176,0.152625
2016/3/1 1:36,80,80,80,80,80,100,77,2.53358,0.824176,0.152625
2016/3/1 1:37,80,80,80,80,80,100,77,2.53358,0.824176,0.152625
2016/3/1 1:38,80,80,80,80,80,100,77,2.53358,0.824176,0.152625
2016/3/1 1:39,80,80,80,80,80,100,77,2.53358,0.824176,0.152625
2016/3/1 1:40,80,80,80,80,80,100,77,2.59463,0.824176,0.152625
2016/3/1 1:41,80,80,80,80,80,100,77,2.59463,0.824176,0.152625
2016/3/1 1:42,80,80,80,80,80,100,77,2.59463,0.824176,0.152625
2016/3/1 1:43,80,80,80,80,80,100,77,2.59463,0.641025,0.152625
2016/3/1 1:44,80,80,80,80,80,100,77,2.59463,0.824176,0.152625
2016/3/1 1:45,80,80,80,80,80,100,77,2.53358,0.824176,0.152625
2016/3/1 1:46,80,80,80,80,80,100,77,2.53358,0.824176,0.152625
2016/3/1 1:47,80,80,80,80,80,100,77,2.53358,0.824176,0.152625
2016/3/1 1:48,80,80,80,80,80,100,77,2.53358,0.824176,0.152625
2016/3/1 1:49,80,80,80,80,80,100,77,2.59463,0.824176,0.152625
2016/3/1 1:50,80,80,80,80,80,100,77,2.59463,0.824176,0.152625
2016/3/1 1:51,80,80,80,80,80,100,77,2.59463,0.824176,0.152625
2016/3/1 1:52,80,80,80,80,80,100,77,2.59463,0.824176,0.152625
2016/3/1 1:53,80,80,80,80,80,100,77,2.59463,0.824176,0.152625
2016/3/1 1:54,85,85,85,85,85,100,81,2.59463,0.824176,0.152625
2016/3/1 1:55,85,85,85,85,85,100,81,2.59463,0.824176,0.152625
2016/3/1 1:56,85,85,85,85,85,100,81,2.59463,0.824176,0.152625
2016/3/1 1:57,85,85,85,85,85,100,81,2.59463,0.824176,0.152625
2016/3/1 1:58,85,85,85,85,85,100,81,2.53358,0.824176,0.152625
2016/3/1 1:59,85,85,85,85,85,100,81,2.59463,0.824176,0.152625
2016/3/1 2:00,85,85,85,85,85,100,81,2.59463,0.824176,0.152625
2016/3/1 2:01,85,85,85,85,85,100,81,2.59463,0.824176,0.152625
2016/3/1 2:02,85,85,85,85,85,100,81,2.59463,0.824176,0.152625
2016/3/1 2:03,85,85,85,85,85,100,81,2.59463,0.824176,0.152625
2016/3/1 2:04,85,85,85,85,85,100,81,2.59463,0.824176,0.152625
2016/3/1 2:05,85,85,85,85,85,100,81,2.59463,0.824176,0.152625
2016/3/1 2:06,85,85,85,85,85,100,81,2.53358,0.824176,0.152625
2016/3/1 2:07,85,85,85,85,85,100,81,2.53358,0.824176,0.152625
2016/3/1 2:08,85,85,85,85,85,100,81,2.59463,0.824176,0.152625
2016/3/1 2:09,85,85,85,85,85,100,81,2.59463,0.824176,0.152625
2016/3/1 2:10,85,85,85,85,85,100,81,2.59463,0.824176,0.152625
2016/3/1 2:11,85,85,85,85,85,100,81,2.59463,0.824176,0.152625
2016/3/1 2:12,85,85,85,85,85,100,81,2.59463,0.824176,0.152625
2016/3/1 2:13,85,85,85,85,85,100,81,2.59463,0.824176,0.152625
2016/3/1 2:14,85,85,85,85,85,100,81,2.53358,0.824176,0.152625
2016/3/1 2:15,85,85,85,85,85,100,81,2.59463,0.824176,0.152625
2016/3/1 2:16,85,85,85,85,85,100,81,2.53358,0.824176,0.152625
2016/3/1 2:17,85,85,85,85,85,100,81,2.53358,0.824176,0.152625
2016/3/1 2:18,85,85,85,85,85,100,81,2.53358,0.824176,0.152625
2016/3/1 2:19,85,85,85,85,85,100,81,2.53358,0.824176,0.152625
2016/3/1 2:20,85,85,85,85,85,100,81,2.53358,0.824176,0.152625
2016/3/1 2:21,85,85,85,85,85,100,81,2.59463,0.824176,0.152625
2016/3/1 2:22,85,85,85,85,85,100,81,2.53358,0.824176,0.152625
2016/3/1 2:23,85,85,85,85,85,100,81,2.53358,0.824176,0.152625
2016/3/1 2:24,85,85,85,85,85,100,81,2.53358,0.824176,0.152625
2016/3/1 2:25,85,85,85,85,85,100,81,2.53358,0.824176,0.152625
2016/3/1 2:26,85,85,85,85,85,100,81,2.59463,0.824176,0.152625
2016/3/1 2:27,85,85,85,85,85,100,81,2.53358,0.824176,0.152625
2016/3/1 2:28,85,85,85,85,85,100,81,2.59463,0.824176,0.152625
2016/3/1 2:29,85,85,85,85,85,100,81,2.59463,0.824176,0.152625
2016/3/1 2:30,85,85,85,85,85,100,81,2.53358,0.824176,0.152625
2016/3/1 2:31,85,85,85,85,85,100,81,2.59463,0.824176,0.152625
2016/3/1 2:32,85,85,85,85,85,100,81,2.59463,0.824176,0.152625
2016/3/1 2:33,85,85,85,85,85,100,81,2.59463,0.824176,0.152625
2016/3/1 2:34,85,85,85,85,85,100,81,2.53358,0.824176,0.152625
2016/3/1 2:35,85,85,85,85,85,100,81,2.59463,0.824176,0.152625
2016/3/1 2:36,85,85,85,85,85,100,81,2.59463,0.824176,0.152625
2016/3/1 2:37,85,85,85,85,85,100,81,2.59463,0.824176,0.152625
2016/3/1 2:38,85,85,85,85,85,100,81,2.59463,0.824176,0.152625
2016/3/1 2:39,85,85,85,85,85,100,81,2.53358,0.824176,0.152625
2016/3/1 2:40,85,85,85,85,85,100,81,2.53358,0.824176,0.152625
2016/3/1 2:41,85,85,85,85,85,100,81,2.59463,0.824176,0.152625
2016/3/1 2:42,85,85,85,85,85,100,81,2.59463,0.824176,0.152625
2016/3/1 2:43,85,85,85,85,85,100,81,2.59463,0.824176,0.152625
2016/3/1 2:44,85,85,85,85,85,100,81,2.53358,0.824176,0.152625
2016/3/1 2:45,85,85,85,85,85,100,81,2.59463,0.824176,0.152625
2016/3/1 2:46,85,85,85,85,85,100,81,2.59463,0.824176,0.152625
2016/3/1 2:47,85,85,85,85,85,100,81,2.53358,0.824176,0.152625
2016/3/1 2:48,85,85,85,85,85,100,81,2.59463,0.824176,0.152625
2016/3/1 2:49,85,85,85,85,85,100,81,2.59463,0.824176,0.152625
2016/3/1 2:50,85,85,85,85,85,100,81,2.59463,0.824176,0.152625
2016/3/1 2:51,85,85,85,85,85,100,81,2.59463,0.824176,0.152625
2016/3/1 2:52,85,85,85,85,85,100,81,2.59463,0.824176,0.152625
2016/3/1 2:53,85,85,85,85,85,100,81,2.53358,0.824176,0.152625
2016/3/1 2:54,85,85,85,85,85,100,81,2.59463,0.824176,0.152625
2016/3/1 2:55,85,85,85,85,85,100,81,2.59463,0.824176,0.152625
2016/3/1 2:56,85,85,85,85,85,100,81,2.59463,0.824176,0.152625
2016/3/1 2:57,85,85,85,85,85,100,81,2.53358,0.824176,0.152625
2016/3/1 2:58,85,85,85,85,85,100,81,2.59463,0.824176,0.152625
2016/3/1 2:59,85,85,85,85,85,100,81,2.53358,0.824176,0.152625
2016/3/1 3:00,85,85,85,85,85,100,81,2.59463,0.824176,0.152625
2016/3/1 3:01,85,85,85,85,85,100,81,2.59463,0.824176,0.152625
2016/3/1 3:02,85,85,85,85,85,100,81,2.53358,0.824176,0.152625
2016/3/1 3:03,85,85,85,85,85,100,81,2.53358,0.824176,0.152625
2016/3/1 3:04,85,85,85,85,85,100,81,2.53358,0.824176,0.152625
2016/3/1 3:05,85,85,85,85,85,100,81,2.53358,0.824176,0.152625
2016/3/1 3:06,85,85,85,85,85,100,81,2.59463,0.824176,0.152625
2016/3/1 3:07,85,85,85,85,85,100,81,2.59463,0.824176,0.152625
2016/3/1 3:08,85,85,85,85,85,100,81,2.59463,0.824176,0.152625
2016/3/1 3:09,85,85,85,85,85,100,81,2.59463,0.824176,0.152625
2016/3/1 3:10,85,85,85,85,85,100,81,2.59463,0.824176,0.152625
2016/3/1 3:11,85,85,85,85,85,100,81,2.59463,0.824176,0.152625
2016/3/1 3:12,85,85,85,85,85,100,81,2.59463,0.824176,0.152625
2016/3/1 3:13,85,85,85,85,85,100,81,2.59463,0.824176,0.152625
2016/3/1 3:14,85,85,85,85,85,100,81,2.59463,0.824176,0.152625
2016/3/1 3:15,85,85,85,85,85,100,81,2.59463,0.824176,0.152625
2016/3/1 3:16,85,85,85,85,85,100,81,2.53358,0.824176,0.152625
2016/3/1 3:17,85,85,85,85,85,100,81,2.53358,0.824176,0.152625
2016/3/1 3:18,85,85,85,85,85,100,81,2.59463,0.824176,0.152625
2016/3/1 3:19,85,85,85,85,85,100,81,2.53358,0.824176,0.152625
2016/3/1 3:20,85,85,85,85,85,100,81,2.59463,0.824176,0.152625
2016/3/1 3:21,85,85,85,85,85,100,81,2.59463,0.824176,0.152625
2016/3/1 3:22,85,85,85,85,85,100,81,2.53358,0.824176,0.152625
2016/3/1 3:23,85,85,85,85,85,100,81,2.59463,0.824176,0.152625
2016/3/1 3:24,85,85,85,85,85,100,81,2.53358,0.824176,0.152625
2016/3/1 3:25,85,85,85,85,85,100,81,2.59463,0.824176,0.152625
2016/3/1 3:26,85,85,85,85,85,100,81,2.59463,0.824176,0.152625
2016/3/1 3:27,85,85,85,85,85,100,81,2.59463,0.824176,0.152625
2016/3/1 3:28,85,85,85,85,85,100,81,2.59463,0.824176,0.152625
2016/3/1 3:29,85,85,85,85,85,100,81,2.53358,0.824176,0.152625
2016/3/1 3:30,85,85,85,85,85,100,81,2.59463,0.824176,0.152625
2016/3/1 3:31,85,85,85,85,85,100,81,2.53358,0.824176,0.152625
2016/3/1 3:32,85,85,85,85,85,100,81,2.53358,0.824176,0.152625
2016/3/1 3:33,85,85,85,85,85,100,81,2.59463,0.824176,0.152625
2016/3/1 3:34,85,85,85,85,85,100,81,2.59463,0.824176,0.152625
2016/3/1 3:35,85,85,85,85,85,100,81,2.59463,0.824176,0.152625
2016/3/1 3:36,85,85,85,85,85,100,81,2.53358,0.824176,0.152625
2016/3/1 3:37,85,85,85,85,85,100,81,2.59463,0.824176,0.152625
2016/3/1 3:38,85,85,85,85,85,100,81,2.59463,0.824176,0.152625
2016/3/1 3:39,85,85,85,85,85,100,81,2.59463,0.824176,0.152625
2016/3/1 3:40,85,85,85,85,85,100,81,2.59463,0.824176,0.152625
2016/3/1 3:41,85,85,85,85,85,100,81,2.59463,0.824176,0.152625
2016/3/1 3:42,85,85,85,85,85,100,81,2.59463,0.824176,0.152625
2016/3/1 3:43,85,85,85,85,85,100,81,2.59463,0.824176,0.152625
2016/3/1 3:44,85,85,85,85,85,100,81,2.59463,0.824176,0.152625
2016/3/1 3:45,85,85,85,85,85,100,81,2.59463,0.824176,0.152625
2016/3/1 3:46,85,85,85,85,85,100,81,2.59463,0.824176,0.152625
2016/3/1 3:47,85,85,85,85,85,100,81,2.53358,0.824176,0.152625
2016/3/1 3:48,85,85,85,85,85,100,81,2.53358,0.824176,0.152625
2016/3/1 3:49,85,85,85,85,85,100,81,2.59463,0.824176,0.152625
2016/3/1 3:50,85,85,85,85,85,100,81,2.53358,0.824176,0.152625
2016/3/1 3:51,85,85,85,85,85,100,81,2.59463,0.824176,0.152625
2016/3/1 3:52,85,85,85,85,85,100,81,2.59463,0.824176,0.152625
2016/3/1 3:53,85,85,85,85,85,100,81,2.59463,0.824176,0.152625
2016/3/1 3:54,85,85,85,85,85,100,81,2.53358,0.824176,0.152625
2016/3/1 3:55,85,85,85,85,85,100,81,2.59463,0.824176,0.152625
2016/3/1 3:56,85,85,85,85,85,100,81,2.59463,0.824176,0.152625
2016/3/1 3:57,85,85,85,85,85,100,81,2.53358,0.824176,0.152625
2016/3/1 3:58,85,85,85,85,85,100,81,2.59463,0.824176,0.152625
2016/3/1 3:59,85,85,85,85,85,100,81,2.53358,0.824176,0.152625
2016/3/1 4:00,85,85,85,85,85,100,81,2.53358,0.824176,0.152625
2016/3/1 4:01,85,85,85,85,85,100,81,2.59463,0.824176,0.152625
2016/3/1 4:02,85,85,85,85,85,100,81,2.59463,0.824176,0.152625
2016/3/1 4:03,85,85,85,85,85,100,81,2.41148,0.824176,0.152625
2016/3/1 4:04,85,85,85,85,85,100,81,2.53358,0.824176,0.152625
2016/3/1 4:05,85,85,85,85,85,100,81,2.59463,0.824176,0.152625
2016/3/1 4:06,85,85,85,85,85,100,81,2.59463,0.824176,0.152625
2016/3/1 4:07,85,85,85,85,85,100,81,2.53358,0.824176,0.152625
2016/3/1 4:08,85,85,85,85,85,100,81,2.59463,0.824176,0.152625
2016/3/1 4:09,85,85,85,85,85,100,81,2.59463,0.824176,0.152625
2016/3/1 4:10,85,85,85,85,85,100,81,2.53358,0.824176,0.152625
2016/3/1 4:11,85,85,85,85,85,100,81,2.59463,0.824176,0.152625
2016/3/1 4:12,85,85,85,85,85,100,81,2.53358,0.824176,0.152625
2016/3/1 4:13,85,85,85,85,85,100,81,2.59463,0.824176,0.152625
2016/3/1 4:14,85,85,85,85,85,100,81,2.59463,0.824176,0.152625
2016/3/1 4:15,85,85,85,85,85,100,81,2.53358,0.824176,0.152625
2016/3/1 4:16,85,85,85,85,85,100,81,2.59463,0.824176,0.152625
2016/3/1 4:17,85,85,85,85,85,100,81,2.53358,0.824176,0.152625
2016/3/1 4:18,85,85,85,85,85,100,81,2.53358,0.824176,0.152625
2016/3/1 4:19,85,85,85,85,85,100,81,2.53358,0.824176,0.152625
2016/3/1 4:20,85,85,85,85,85,100,81,2.59463,0.824176,0.152625
2016/3/1 4:21,85,85,85,85,85,100,81,2.59463,0.824176,0.152625
2016/3/1 4:22,85,85,85,85,85,100,81,2.53358,0.824176,0.152625
2016/3/1 4:23,85,85,85,85,85,100,81,2.59463,0.824176,0.152625
2016/3/1 4:24,85,85,85,85,85,100,81,2.59463,0.824176,0.152625
2016/3/1 4:25,85,85,85,85,85,100,81,2.53358,0.824176,0.152625
2016/3/1 4:26,85,85,85,85,85,100,81,2.59463,0.824176,0.152625
2016/3/1 4:27,85,85,85,85,85,100,81,2.53358,0.824176,0.152625
2016/3/1 4:28,85,85,85,85,85,100,81,2.59463,0.824176,0.152625
2016/3/1 4:29,85,85,85,85,85,100,81,2.59463,0.824176,0.152625
2016/3/1 4:30,85,85,85,85,85,100,81,2.59463,0.824176,0.152625
2016/3/1 4:31,85,85,85,85,85,100,81,2.59463,0.824176,0.152625
2016/3/1 4:32,85,85,85,85,85,100,81,2.59463,0.824176,0.152625
2016/3/1 4:33,85,85,85,85,85,100,81,2.59463,0.824176,0.152625
2016/3/1 4:34,85,85,85,85,85,100,81,2.53358,0.824176,0.152625
2016/3/1 4:35,85,85,85,85,85,100,81,2.53358,0.824176,0.152625
2016/3/1 4:36,85,85,85,85,85,100,81,2.59463,0.824176,0.152625
2016/3/1 4:37,85,85,85,85,85,100,81,2.59463,0.824176,0.152625
2016/3/1 4:38,85,85,85,85,85,100,81,2.53358,0.824176,0.152625
2016/3/1 4:39,85,85,85,85,85,100,81,2.59463,0.824176,0.152625
2016/3/1 4:40,85,85,85,85,85,100,81,2.53358,0.824176,0.152625
2016/3/1 4:41,85,85,85,85,85,100,81,2.53358,0.824176,0.152625
2016/3/1 4:42,85,85,85,85,85,100,81,2.59463,0.824176,0.152625
2016/3/1 4:43,85,85,85,85,85,100,81,2.53358,0.824176,0.152625
2016/3/1 4:44,85,85,85,85,85,100,81,2.53358,0.824176,0.152625
2016/3/1 4:45,85,85,85,85,85,100,81,2.53358,0.824176,0.152625
2016/3/1 4:46,85,85,85,85,85,100,81,2.53358,0.824176,0.152625
2016/3/1 4:47,85,85,85,85,85,100,81,2.59463,0.824176,0.152625
2016/3/1 4:48,85,85,85,85,85,100,81,2.59463,0.824176,0.152625
2016/3/1 4:49,85,85,85,85,85,100,81,2.53358,0.824176,0.152625
2016/3/1 4:50,85,85,85,85,85,100,81,2.53358,0.824176,0.152625
2016/3/1 4:51,85,85,85,85,85,100,81,2.53358,0.824176,0.152625
2016/3/1 4:52,85,85,85,85,85,100,81,2.53358,0.824176,0.152625
2016/3/1 4:53,85,85,85,85,85,100,81,2.53358,0.824176,0.152625
2016/3/1 4:54,85,85,85,85,85,100,81,2.53358,0.824176,0.152625
2016/3/1 4:55,85,85,85,85,85,100,81,2.53358,0.824176,0.152625
2016/3/1 4:56,85,85,85,85,85,100,81,2.53358,0.824176,0.152625
2016/3/1 4:57,85,85,85,85,85,100,81,2.59463,0.824176,0.152625
2016/3/1 4:58,85,85,85,85,85,100,81,2.53358,0.824176,0.152625
2016/3/1 4:59,85,85,85,85,85,100,81,2.59463,0.824176,0.152625
2016/3/1 5:00,85,85,85,85,85,100,81,2.59463,0.824176,0.152625
2016/3/1 5:01,85,85,85,85,85,100,81,2.53358,0.824176,0.152625
2016/3/1 5:02,85,85,85,85,85,100,81,2.59463,0.824176,0.152625
2016/3/1 5:03,85,85,85,85,85,100,81,2.59463,0.824176,0.152625
2016/3/1 5:04,85,85,85,85,85,100,81,2.53358,0.824176,0.152625
2016/3/1 5:05,85,85,85,85,85,100,81,2.59463,0.824176,0.152625
2016/3/1 5:06,85,85,85,85,85,100,81,2.59463,0.824176,0.152625
2016/3/1 5:07,85,85,85,85,85,100,81,2.59463,0.824176,0.152625
2016/3/1 5:08,85,85,85,85,85,100,81,2.53358,0.824176,0.152625
2016/3/1 5:09,85,85,85,85,85,100,81,2.53358,0.824176,0.152625
2016/3/1 5:10,85,85,85,85,85,100,81,2.59463,0.824176,0.152625
2016/3/1 5:11,85,85,85,85,85,100,81,2.59463,0.824176,0.152625
2016/3/1 5:12,85,85,85,85,85,100,81,2.59463,0.824176,0.152625
2016/3/1 5:13,85,85,85,85,85,100,81,2.53358,0.824176,0.152625
2016/3/1 5:14,85,85,85,85,85,100,81,2.59463,0.824176,0.152625
2016/3/1 5:15,85,85,85,85,85,100,81,2.59463,0.824176,0.152625
2016/3/1 5:16,85,85,85,85,85,100,81,2.53358,0.824176,0.152625
2016/3/1 5:17,85,85,85,85,85,100,81,2.59463,0.824176,0.152625
2016/3/1 5:18,85,85,85,85,85,100,81,2.59463,0.824176,0.152625
2016/3/1 5:19,85,85,85,85,85,100,81,2.59463,0.824176,0.152625
2016/3/1 5:20,85,85,85,85,85,100,81,2.59463,0.824176,0.152625
2016/3/1 5:21,85,85,85,85,85,100,81,2.59463,0.824176,0.152625
2016/3/1 5:22,85,85,85,85,85,100,81,2.59463,0.824176,0.152625
2016/3/1 5:23,85,85,85,85,85,100,81,2.59463,0.824176,0.152625
2016/3/1 5:24,85,85,85,85,85,100,81,2.59463,0.824176,0.152625
2016/3/1 5:25,85,85,85,85,85,100,81,2.59463,0.824176,0.152625
2016/3/1 5:26,85,85,85,85,85,100,81,2.59463,0.824176,0.152625
2016/3/1 5:27,85,85,85,85,85,100,81,2.59463,0.824176,0.152625
2016/3/1 5:28,85,85,85,85,85,100,81,2.59463,0.824176,0.152625
2016/3/1 5:29,85,85,85,85,85,100,81,2.59463,0.824176,0.152625
2016/3/1 5:30,85,85,85,85,85,100,81,2.53358,0.824176,0.152625
2016/3/1 5:31,85,85,85,85,85,100,81,2.59463,0.824176,0.152625
2016/3/1 5:32,85,85,85,85,85,100,81,2.59463,0.824176,0.152625
2016/3/1 5:33,85,85,85,85,85,100,81,2.59463,0.824176,0.152625
2016/3/1 5:34,85,85,85,85,85,100,81,2.59463,0.824176,0.152625
2016/3/1 5:35,85,85,85,85,85,100,81,2.53358,0.824176,0.152625
2016/3/1 5:36,85,85,85,85,85,100,81,2.59463,0.824176,0.152625
2016/3/1 5:37,85,85,85,85,85,100,81,2.59463,0.824176,0.152625
2016/3/1 5:38,85,85,85,85,85,100,81,2.53358,0.824176,0.152625
2016/3/1 5:39,85,85,85,85,85,100,81,2.53358,0.824176,0.152625
2016/3/1 5:40,85,85,85,85,85,100,81,2.59463,0.824176,0.152625
2016/3/1 5:41,85,85,85,85,85,100,81,2.59463,0.824176,0.152625
2016/3/1 5:42,85,85,85,85,85,100,81,2.59463,0.824176,0.152625
2016/3/1 5:43,85,85,85,85,85,100,81,2.59463,0.824176,0.152625
2016/3/1 5:44,85,85,85,85,85,100,81,2.59463,0.824176,0.152625
2016/3/1 5:45,85,85,85,85,85,100,81,2.59463,0.824176,0.152625
2016/3/1 5:46,85,85,85,85,85,100,81,2.59463,0.824176,0.152625
2016/3/1 5:47,85,85,85,85,85,100,81,2.59463,0.824176,0.152625
2016/3/1 5:48,85,85,85,85,85,100,81,2.59463,0.824176,0.152625
2016/3/1 5:49,85,85,85,85,85,100,81,2.53358,0.824176,0.152625
2016/3/1 5:50,85,85,85,85,85,100,77,2.53358,0.824176,0.152625
2016/3/1 5:51,85,85,85,85,85,100,77,2.59463,0.824176,0.152625
2016/3/1 5:52,85,85,85,85,85,100,77,2.53358,0.824176,0.152625
2016/3/1 5:53,85,85,85,85,85,100,77,2.59463,0.824176,0.152625
2016/3/1 5:54,85,85,85,85,85,100,77,2.53358,0.824176,0.152625
2016/3/1 5:55,85,85,85,85,85,100,77,2.53358,0.824176,0.152625
2016/3/1 5:56,85,85,85,85,85,100,77,2.59463,0.824176,0.152625
2016/3/1 5:57,85,85,85,85,85,100,77,2.53358,0.824176,0.152625
2016/3/1 5:58,85,85,85,85,85,100,77,2.59463,0.824176,0.152625
2016/3/1 5:59,85,85,85,85,85,100,77,2.59463,0.824176,0.152625
2016/3/1 6:00,85,85,85,85,85,100,77,2.53358,0.824176,0.152625
2016/3/1 6:01,85,85,85,85,85,100,77,2.59463,0.824176,0.152625
2016/3/1 6:02,85,85,85,85,85,100,77,2.59463,0.824176,0.152625
2016/3/1 6:03,85,85,85,85,85,100,77,2.59463,0.824176,0.152625
2016/3/1 6:04,85,85,85,85,85,100,77,2.53358,0.824176,0.152625
2016/3/1 6:05,85,85,85,85,85,100,77,2.59463,0.824176,0.152625
2016/3/1 6:06,85,85,85,85,85,100,77,2.59463,0.824176,0.152625
2016/3/1 6:07,85,85,85,85,85,100,77,2.59463,0.824176,0.152625
2016/3/1 6:08,85,85,85,85,85,100,77,2.59463,0.824176,0.152625
2016/3/1 6:09,85,85,85,85,85,100,77,2.59463,0.824176,0.152625
2016/3/1 6:10,85,85,85,85,85,100,77,2.59463,0.824176,0.152625
2016/3/1 6:11,85,85,85,85,85,100,77,2.59463,0.824176,0.152625
2016/3/1 6:12,85,85,85,85,85,100,77,2.59463,0.824176,0.152625
2016/3/1 6:13,85,85,85,85,85,100,77,2.59463,0.824176,0.152625
2016/3/1 6:14,85,85,85,85,85,100,77,2.59463,0.824176,0.152625
2016/3/1 6:15,85,85,85,85,85,100,77,2.59463,0.824176,0.152625
2016/3/1 6:16,85,85,85,85,85,100,77,2.59463,0.824176,0.152625
2016/3/1 6:17,85,85,85,85,85,100,77,2.59463,0.824176,0.152625
2016/3/1 6:18,85,85,85,85,85,100,77,2.59463,0.824176,0.152625
2016/3/1 6:19,85,85,85,85,85,100,69,2.59463,0.824176,0.152625
2016/3/1 6:20,85,85,85,85,85,100,69,2.59463,0.824176,0.152625
2016/3/1 6:21,85,85,85,85,85,100,69,2.59463,0.824176,0.152625
2016/3/1 6:22,85,85,85,85,85,100,69,2.59463,0.824176,0.152625
2016/3/1 6:23,85,85,85,85,85,100,69,2.59463,0.824176,0.152625
2016/3/1 6:24,85,85,85,85,85,100,69,2.59463,0.824176,0.152625
2016/3/1 6:25,85,85,85,85,85,100,69,2.53358,0.824176,0.152625
2016/3/1 6:26,85,85,85,85,85,100,69,2.59463,0.824176,0.152625
2016/3/1 6:27,85,85,85,85,85,100,69,2.59463,0.824176,0.152625
2016/3/1 6:28,85,85,85,85,85,100,69,2.59463,0.824176,0.152625
2016/3/1 6:29,85,85,85,85,85,100,69,2.59463,0.824176,0.152625
2016/3/1 6:30,85,85,85,85,85,100,69,2.59463,0.824176,0.152625
2016/3/1 6:31,85,85,85,85,85,100,69,2.59463,0.824176,0.152625
2016/3/1 6:32,85,85,85,85,85,100,69,2.59463,0.824176,0.152625
2016/3/1 6:33,85,85,85,85,85,100,69,2.59463,0.824176,0.152625
2016/3/1 6:34,85,85,85,85,85,100,69,2.59463,0.824176,0.152625
2016/3/1 6:35,85,85,85,85,85,100,69,2.53358,0.824176,0.152625
2016/3/1 6:36,85,85,85,85,85,100,69,2.59463,0.824176,0.152625
2016/3/1 6:37,85,85,85,85,85,100,69,2.59463,0.824176,0.152625
2016/3/1 6:38,85,85,85,85,85,100,69,2.59463,0.824176,0.152625
2016/3/1 6:39,85,85,85,85,85,100,69,2.59463,0.824176,0.152625
2016/3/1 6:40,85,85,85,85,85,100,69,2.59463,0.824176,0.152625
2016/3/1 6:41,85,85,85,85,85,100,69,2.59463,0.824176,0.152625
2016/3/1 6:42,85,85,85,85,85,100,69,2.59463,0.824176,0.152625
2016/3/1 6:43,85,85,85,85,85,100,69,2.59463,0.824176,0.152625
2016/3/1 6:44,85,85,85,85,85,100,69,2.59463,0.824176,0.152625
2016/3/1 6:45,85,85,85,85,85,100,69,2.59463,0.824176,0.152625
2016/3/1 6:46,85,85,85,85,85,100,69,2.59463,0.824176,0.152625
2016/3/1 6:47,85,85,85,85,85,100,69,2.59463,0.824176,0.152625
2016/3/1 6:48,85,85,85,85,85,100,69,2.59463,0.824176,0.152625
2016/3/1 6:49,85,85,85,85,85,100,69,2.59463,0.824176,0.152625
2016/3/1 6:50,85,85,85,85,85,100,69,2.59463,0.824176,0.152625
2016/3/1 6:51,85,85,85,85,85,100,69,2.59463,0.824176,0.152625
2016/3/1 6:52,85,85,85,85,85,100,69,2.59463,0.824176,0.152625
2016/3/1 6:53,85,85,85,85,85,100,69,2.59463,0.824176,0.152625
2016/3/1 6:54,85,85,85,85,85,100,69,2.59463,0.824176,0.152625
2016/3/1 6:55,85,85,85,85,85,100,69,2.59463,0.824176,0.152625
2016/3/1 6:56,85,85,85,85,85,100,69,2.59463,0.824176,0.152625
2016/3/1 6:57,85,85,85,85,85,100,69,2.59463,0.824176,0.152625
2016/3/1 6:58,85,85,85,85,85,100,69,2.59463,0.824176,0.152625
2016/3/1 6:59,85,85,85,85,85,100,69,2.59463,0.824176,0.152625
2016/3/1 7:00,85,85,85,85,85,100,69,2.59463,0.824176,0.152625
2016/3/1 7:01,85,85,85,85,85,100,69,2.59463,0.824176,0.152625
2016/3/1 7:02,85,85,85,85,85,100,69,2.59463,0.824176,0.152625
2016/3/1 7:03,85,85,85,85,85,100,69,2.59463,0.824176,0.152625
2016/3/1 7:04,85,85,85,85,85,100,69,2.59463,0.824176,0.152625
2016/3/1 7:05,85,85,85,85,85,100,69,2.59463,0.824176,0.152625
2016/3/1 7:06,85,85,85,85,85,100,69,2.59463,0.824176,0.152625
2016/3/1 7:07,85,85,85,85,85,100,69,2.59463,0.824176,0.152625
2016/3/1 7:08,85,85,85,85,85,100,69,2.59463,0.824176,0.152625
2016/3/1 7:09,85,85,85,85,85,100,69,2.59463,0.824176,0.152625
2016/3/1 7:10,85,85,85,85,85,100,69,2.59463,0.824176,0.152625
2016/3/1 7:11,85,85,85,85,85,100,69,2.59463,0.824176,0.152625
2016/3/1 7:12,85,85,85,85,85,100,69,2.59463,0.824176,0.152625
2016/3/1 7:13,85,85,85,85,85,100,69,2.59463,0.824176,0.152625
2016/3/1 7:14,85,85,85,85,85,100,69,2.59463,0.824176,0.152625
2016/3/1 7:15,85,85,85,85,85,100,69,2.59463,0.824176,0.152625
2016/3/1 7:16,85,85,85,85,85,100,69,2.59463,0.824176,0.152625
2016/3/1 7:17,85,85,85,85,85,100,69,2.59463,0.824176,0.152625
2016/3/1 7:18,85,85,85,85,85,100,69,2.59463,0.824176,0.152625
2016/3/1 7:19,85,85,85,85,85,100,69,2.59463,0.824176,0.152625
2016/3/1 7:20,85,85,85,85,85,100,69,2.59463,0.824176,0.152625
2016/3/1 7:21,85,85,85,85,85,100,69,2.59463,0.824176,0.152625
2016/3/1 7:22,85,85,85,85,85,100,69,2.59463,0.824176,0.152625
2016/3/1 7:23,85,85,85,85,85,100,69,2.59463,0.824176,0.152625
2016/3/1 7:24,85,85,85,85,85,100,73,2.59463,0.824176,0.152625
2016/3/1 7:25,85,85,85,85,85,100,73,2.59463,0.824176,0.152625
2016/3/1 7:26,85,85,85,85,85,100,73,2.59463,0.824176,0.152625
2016/3/1 7:27,85,85,85,85,85,100,73,2.59463,0.824176,0.152625
2016/3/1 7:28,85,85,85,85,85,100,73,2.59463,0.824176,0.152625
2016/3/1 7:29,85,85,85,85,85,100,73,2.59463,0.824176,0.152625
2016/3/1 7:30,85,85,85,85,85,100,73,2.59463,0.824176,0.152625
2016/3/1 7:31,85,85,85,85,85,100,73,2.59463,0.824176,0.152625
2016/3/1 7:32,85,85,85,85,85,100,73,2.59463,0.824176,0.152625
2016/3/1 7:33,85,85,85,85,85,100,73,2.59463,0.824176,0.152625
2016/3/1 7:34,85,85,85,85,85,100,73,2.59463,0.824176,0.152625
2016/3/1 7:35,85,85,85,85,85,100,73,2.59463,0.824176,0.152625
2016/3/1 7:36,85,85,85,85,85,100,73,2.59463,0.824176,0.152625
2016/3/1 7:37,85,85,85,85,85,100,73,2.59463,0.824176,0.152625
2016/3/1 7:38,85,85,85,85,85,100,73,2.59463,0.824176,0.152625
2016/3/1 7:39,85,85,85,85,85,100,73,2.59463,0.824176,0.152625
2016/3/1 7:40,85,85,85,85,85,100,73,2.59463,0.824176,0.152625
2016/3/1 7:41,85,85,85,85,85,100,73,2.59463,0.824176,0.152625
2016/3/1 7:42,85,85,85,85,85,100,73,2.59463,0.824176,0.152625
2016/3/1 7:43,85,85,85,85,85,100,73,2.59463,0.824176,0.152625
2016/3/1 7:44,85,85,85,85,85,100,73,2.59463,0.824176,0.152625
2016/3/1 7:45,85,85,85,85,85,100,73,2.59463,0.824176,0.152625
2016/3/1 7:46,85,85,85,85,85,100,73,2.59463,0.824176,0.152625
2016/3/1 7:47,85,85,85,85,85,100,73,2.59463,0.824176,0.152625
2016/3/1 7:48,85,85,85,85,85,100,73,2.59463,0.824176,0.152625
2016/3/1 7:49,85,85,85,85,85,100,73,2.59463,0.824176,0.152625
2016/3/1 7:50,85,85,85,85,85,100,73,2.59463,0.824176,0.152625
2016/3/1 7:51,85,85,85,85,85,100,73,2.59463,0.824176,0.152625
2016/3/1 7:52,85,85,85,85,85,100,73,2.59463,0.824176,0.152625
2016/3/1 7:53,85,85,85,85,85,100,73,2.59463,0.824176,0.152625
2016/3/1 7:54,85,85,85,85,85,100,73,2.59463,0.824176,0.152625
2016/3/1 7:55,85,85,85,85,85,100,73,2.59463,0.824176,0.152625
2016/3/1 7:56,85,85,85,85,85,100,73,2.59463,0.824176,0.152625
2016/3/1 7:57,85,85,85,85,85,100,73,2.59463,0.824176,0.152625
2016/3/1 7:58,85,85,85,85,85,100,73,2.59463,0.824176,0.152625
2016/3/1 7:59,85,85,85,85,85,100,73,2.59463,0.824176,0.152625
2016/3/1 8:00,85,85,85,85,85,100,73,2.59463,0.824176,0.152625
2016/3/1 8:01,85,85,85,85,85,100,73,2.59463,0.824176,0.152625
2016/3/1 8:02,85,85,85,85,85,100,73,2.59463,0.824176,0.152625
2016/3/1 8:03,85,85,85,85,85,100,73,2.59463,0.824176,0.152625
2016/3/1 8:04,85,85,85,85,85,100,73,2.59463,0.824176,0.152625
2016/3/1 8:05,85,85,85,85,85,100,73,2.59463,0.824176,0.152625
2016/3/1 8:06,85,85,85,85,85,100,73,2.59463,0.824176,0.152625
2016/3/1 8:07,85,85,85,85,85,100,70,2.59463,0.824176,0.152625
2016/3/1 8:08,85,85,85,85,85,100,70,2.59463,0.824176,0.152625
2016/3/1 8:09,85,85,85,85,85,100,70,2.59463,0.824176,0.152625
2016/3/1 8:10,85,85,85,85,85,100,70,2.59463,0.824176,0.152625
2016/3/1 8:11,85,85,85,85,85,100,70,2.59463,0.824176,0.152625
2016/3/1 8:12,85,85,85,85,85,100,70,2.59463,0.824176,0.152625
2016/3/1 8:13,85,85,85,85,85,100,70,2.59463,0.824176,0.152625
2016/3/1 8:14,85,85,85,85,85,100,70,2.59463,0.824176,0.152625
2016/3/1 8:15,85,85,85,85,85,100,70,2.59463,0.824176,0.152625
2016/3/1 8:16,85,85,85,85,85,100,70,2.59463,0.824176,0.152625
2016/3/1 8:17,85,85,85,85,85,100,70,2.59463,0.824176,0.152625
2016/3/1 8:18,85,85,85,85,85,100,70,2.59463,0.824176,0.152625
2016/3/1 8:19,85,85,85,85,85,100,70,2.59463,0.824176,0.152625
2016/3/1 8:20,85,85,85,85,85,100,70,2.59463,0.824176,0.152625
2016/3/1 8:21,85,85,85,85,85,100,70,2.59463,0.824176,0.152625
2016/3/1 8:22,85,85,85,85,85,100,70,2.59463,0.824176,0.152625
2016/3/1 8:23,85,85,85,85,85,100,70,2.59463,0.824176,0.152625
2016/3/1 8:24,85,85,85,85,85,100,70,2.59463,0.824176,0.152625
2016/3/1 8:25,85,85,85,85,85,100,70,2.59463,0.824176,0.152625
2016/3/1 8:26,85,85,85,85,85,100,70,2.59463,0.824176,0.152625
2016/3/1 8:27,85,85,85,85,85,100,70,2.59463,0.824176,0.152625
2016/3/1 8:28,85,85,85,85,85,100,70,2.59463,0.824176,0.152625
2016/3/1 8:29,85,85,85,85,85,100,70,2.59463,0.824176,0.152625
2016/3/1 8:30,85,85,85,85,85,100,70,2.59463,0.824176,0.152625
2016/3/1 8:31,85,85,85,85,85,100,70,2.59463,0.824176,0.152625
2016/3/1 8:32,85,85,85,85,85,100,70,2.59463,0.824176,0.152625
2016/3/1 8:33,85,85,85,85,85,100,70,2.59463,0.824176,0.152625
2016/3/1 8:34,85,85,85,85,85,100,70,2.59463,0.824176,0.152625
2016/3/1 8:35,85,85,85,85,85,100,70,2.59463,0.824176,0.152625
2016/3/1 8:36,85,85,85,85,85,100,70,2.59463,0.824176,0.152625
2016/3/1 8:37,85,85,85,85,85,100,70,2.59463,0.824176,0.152625
2016/3/1 8:38,85,85,85,85,85,100,70,2.59463,0.824176,0.152625
2016/3/1 8:39,85,85,85,85,85,100,70,2.59463,0.824176,0.152625
2016/3/1 8:40,85,85,85,85,85,100,70,2.59463,0.824176,0.152625
2016/3/1 8:41,85,85,85,85,85,100,70,2.59463,0.824176,0.152625
2016/3/1 8:42,85,85,85,85,85,100,70,2.59463,0.824176,0.152625
2016/3/1 8:43,85,85,85,85,85,100,70,2.59463,0.824176,0.152625
2016/3/1 8:44,85,85,85,85,85,100,70,2.59463,0.824176,0.152625
2016/3/1 8:45,85,85,85,85,85,100,70,2.59463,0.824176,0.152625
2016/3/1 8:46,85,85,85,85,85,100,70,2.59463,0.824176,0.152625
2016/3/1 8:47,85,85,85,85,85,100,70,2.59463,0.824176,0.152625
2016/3/1 8:48,85,85,85,85,85,100,70,2.59463,0.824176,0.152625
2016/3/1 8:49,85,85,85,85,85,100,70,2.59463,0.824176,0.152625
2016/3/1 8:50,85,85,85,85,85,100,70,2.59463,0.824176,0.152625
2016/3/1 8:51,85,85,85,85,85,100,70,2.59463,0.824176,0.152625
2016/3/1 8:52,85,85,85,85,85,100,70,2.59463,0.824176,0.152625
2016/3/1 8:53,85,85,85,85,85,100,70,2.59463,0.824176,0.152625
2016/3/1 8:54,85,85,85,85,85,100,70,2.59463,0.824176,0.152625
2016/3/1 8:55,85,85,85,85,85,100,70,2.59463,0.824176,0.152625
2016/3/1 8:56,85,85,85,85,85,100,70,2.59463,0.824176,0.152625
2016/3/1 8:57,85,85,85,85,85,100,70,2.59463,0.824176,0.152625
2016/3/1 8:58,85,85,85,85,85,100,70,2.59463,0.824176,0.152625
2016/3/1 8:59,85,85,85,85,85,100,70,2.59463,0.824176,0.152625
2016/3/1 9:00,85,85,85,85,85,100,70,2.59463,0.824176,0.152625
2016/3/1 9:01,85,85,85,85,85,100,70,2.59463,0.824176,0.152625
2016/3/1 9:02,85,85,85,85,85,100,70,2.59463,0.824176,0.152625
2016/3/1 9:03,85,85,85,85,85,100,70,2.59463,0.824176,0.152625
2016/3/1 9:04,85,85,85,85,85,100,70,2.59463,0.824176,0.152625
2016/3/1 9:05,85,85,85,85,85,100,70,2.59463,0.824176,0.152625
2016/3/1 9:06,85,85,85,85,85,100,70,2.59463,0.824176,0.152625
2016/3/1 9:07,85,85,85,85,85,100,70,2.59463,0.824176,0.152625
2016/3/1 9:08,85,85,85,85,85,100,70,2.59463,0.824176,0.152625
2016/3/1 9:09,85,85,85,85,85,100,70,2.59463,0.824176,0.152625
2016/3/1 9:10,85,85,85,85,85,100,70,2.59463,0.824176,0.152625
2016/3/1 9:11,85,85,85,85,85,100,70,2.59463,0.824176,0.152625
2016/3/1 9:12,85,85,85,85,85,100,70,2.59463,0.824176,0.152625
2016/3/1 9:13,85,85,85,85,85,100,70,2.59463,0.824176,0.152625
2016/3/1 9:14,85,85,85,85,85,100,70,2.59463,0.824176,0.152625
2016/3/1 9:15,85,85,85,85,85,100,70,2.59463,0.824176,0.152625
2016/3/1 9:16,85,85,85,85,85,100,70,2.59463,0.824176,0.152625
2016/3/1 9:17,85,85,85,85,85,100,70,2.59463,0.824176,0.152625
2016/3/1 9:18,85,85,85,85,85,100,70,2.59463,0.824176,0.152625
2016/3/1 9:19,85,85,85,85,85,100,70,2.59463,0.824176,0.152625
2016/3/1 9:20,85,85,85,85,85,100,70,2.59463,0.824176,0.152625
2016/3/1 9:21,85,85,85,85,85,100,70,2.59463,0.824176,0.152625
2016/3/1 9:22,85,85,85,85,85,100,70,2.59463,0.824176,0.152625
2016/3/1 9:23,85,85,85,85,85,100,70,2.59463,0.824176,0.152625
2016/3/1 9:24,85,85,85,85,85,100,70,2.59463,0.824176,0.152625
2016/3/1 9:25,85,85,85,85,85,100,70,2.59463,0.824176,0.152625
2016/3/1 9:26,85,85,85,85,85,100,70,2.59463,0.824176,0.152625
2016/3/1 9:27,85,85,85,85,85,100,70,2.59463,0.824176,0.152625
2016/3/1 9:28,85,85,85,85,85,100,70,2.59463,0.824176,0.152625
2016/3/1 9:29,85,85,85,85,85,100,70,2.59463,0.824176,0.152625
2016/3/1 9:30,85,85,85,85,85,100,70,2.59463,0.824176,0.152625
2016/3/1 9:31,85,85,85,85,85,100,70,2.59463,0.824176,0.152625
2016/3/1 9:32,85,85,85,85,85,100,70,2.59463,0.824176,0.152625
2016/3/1 9:33,85,85,85,85,85,100,70,2.59463,0.824176,0.152625
2016/3/1 9:34,85,85,85,85,85,100,70,2.59463,0.824176,0.152625
2016/3/1 9:35,85,85,85,85,85,100,70,2.59463,0.824176,0.152625
2016/3/1 9:36,85,85,85,85,85,100,70,2.59463,0.824176,0.152625
2016/3/1 9:37,85,85,85,85,85,100,70,2.59463,0.824176,0.152625
2016/3/1 9:38,85,85,85,85,85,100,70,2.59463,0.824176,0.152625
2016/3/1 9:39,85,85,85,85,85,100,70,2.59463,0.824176,0.152625
2016/3/1 9:40,85,85,85,85,85,100,70,2.59463,0.824176,0.152625
2016/3/1 9:41,85,85,85,85,85,100,70,2.59463,0.824176,0.152625
2016/3/1 9:42,85,85,85,85,85,100,70,2.59463,0.824176,0.152625
2016/3/1 9:43,85,85,85,85,85,100,70,2.59463,0.824176,0.152625
2016/3/1 9:44,85,85,85,85,85,100,70,2.59463,0.824176,0.152625
2016/3/1 9:45,85,85,85,85,85,100,70,2.59463,0.824176,0.152625
2016/3/1 9:46,85,85,85,85,85,100,70,2.59463,0.824176,0.152625
2016/3/1 9:47,85,85,85,85,85,100,70,2.59463,0.824176,0.152625
2016/3/1 9:48,85,85,85,85,85,100,70,2.59463,0.824176,0.152625
2016/3/1 9:49,85,85,85,85,85,100,70,2.59463,0.824176,0.152625
2016/3/1 9:50,85,85,85,85,85,100,70,2.59463,0.824176,0.152625
2016/3/1 9:51,85,85,85,85,85,100,70,2.59463,0.824176,0.152625
2016/3/1 9:52,85,85,85,85,85,100,70,2.59463,0.824176,0.152625
2016/3/1 9:53,85,85,85,85,85,100,70,2.59463,0.824176,0.152625
2016/3/1 9:54,85,85,85,85,85,100,70,2.59463,0.824176,0.152625
2016/3/1 9:55,85,85,85,85,85,100,70,2.59463,0.824176,0.152625
2016/3/1 9:56,85,85,85,85,85,100,70,2.59463,0.824176,0.152625
2016/3/1 9:57,85,85,85,85,85,100,70,2.59463,0.824176,0.152625
2016/3/1 9:58,85,85,85,85,85,100,70,2.59463,0.824176,0.152625
2016/3/1 9:59,85,85,85,85,85,100,70,2.59463,0.824176,0.152625
2016/3/1 10:00,85,85,85,85,85,100,70,2.59463,0.824176,0.152625
2016/3/1 10:01,85,85,85,85,85,100,70,2.59463,0.824176,0.152625
2016/3/1 10:02,85,85,85,85,85,100,70,2.59463,0.824176,0.152625
2016/3/1 10:03,85,85,85,85,85,100,70,2.59463,0.824176,0.152625
2016/3/1 10:04,85,85,85,85,85,100,70,2.59463,0.824176,0.152625
2016/3/1 10:05,85,85,85,85,85,100,70,2.59463,0.824176,0.152625
2016/3/1 10:06,85,85,85,85,85,100,70,2.59463,0.824176,0.152625
2016/3/1 10:07,85,85,85,85,85,100,70,2.59463,0.824176,0.152625
2016/3/1 10:08,85,85,85,85,85,100,70,2.59463,0.824176,0.152625
2016/3/1 10:09,85,85,85,85,85,100,70,2.59463,0.824176,0.152625
2016/3/1 10:10,85,85,85,85,85,100,70,2.59463,0.824176,0.152625
2016/3/1 10:11,85,85,85,85,85,100,70,2.59463,0.824176,0.152625
2016/3/1 10:12,85,85,85,85,85,100,70,2.59463,0.824176,0.152625
2016/3/1 10:13,85,85,85,85,85,100,70,2.59463,0.824176,0.152625
2016/3/1 10:14,85,85,85,85,85,100,70,2.59463,0.824176,0.152625
2016/3/1 10:15,85,85,85,85,85,100,70,2.59463,0.824176,0.152625
2016/3/1 10:16,85,85,85,85,85,100,70,2.59463,0.824176,0.152625
2016/3/1 10:17,85,85,85,85,85,100,70,2.59463,0.824176,0.152625
2016/3/1 10:18,85,85,85,85,85,100,70,2.59463,0.824176,0.152625
2016/3/1 10:19,85,85,85,85,85,100,70,2.59463,0.824176,0.152625
2016/3/1 10:20,85,85,85,85,85,100,70,2.59463,0.824176,0.152625
2016/3/1 10:21,85,85,85,85,85,100,70,2.59463,0.824176,0.152625
2016/3/1 10:22,85,85,85,85,85,100,75,2.59463,0.824176,0.152625
2016/3/1 10:23,85,85,85,85,85,100,75,2.59463,0.824176,0.152625
2016/3/1 10:24,85,85,85,85,85,100,75,2.59463,0.824176,0.152625
2016/3/1 10:25,85,85,85,85,85,100,75,2.59463,0.824176,0.152625
2016/3/1 10:26,85,85,85,85,85,100,75,2.59463,0.824176,0.152625
2016/3/1 10:27,85,85,85,85,85,100,75,2.59463,0.824176,0.152625
2016/3/1 10:28,85,85,85,85,85,100,75,2.59463,0.824176,0.152625
2016/3/1 10:29,85,85,85,85,85,100,75,2.59463,0.824176,0.152625
2016/3/1 10:30,85,85,85,85,85,100,75,2.59463,0.824176,0.152625
2016/3/1 10:31,85,85,85,85,85,100,75,2.59463,0.824176,0.152625
2016/3/1 10:32,85,85,85,85,85,100,75,2.59463,0.824176,0.152625
2016/3/1 10:33,85,85,85,85,85,100,75,2.59463,0.824176,0.152625
2016/3/1 10:34,85,85,85,85,85,100,75,2.59463,0.824176,0.152625
2016/3/1 10:35,85,85,85,85,85,100,75,2.59463,0.824176,0.152625
2016/3/1 10:36,85,85,85,85,85,100,75,2.59463,0.824176,0.152625
2016/3/1 10:37,85,85,85,85,85,100,75,2.59463,0.824176,0.152625
2016/3/1 10:38,85,85,85,85,85,100,75,2.59463,0.824176,0.152625
2016/3/1 10:39,85,85,85,85,85,100,75,2.59463,0.824176,0.152625
2016/3/1 10:40,85,85,85,85,85,100,75,2.59463,0.824176,0.152625
2016/3/1 10:41,85,85,85,85,85,100,75,2.59463,0.824176,0.152625
2016/3/1 10:42,85,85,85,85,85,100,75,2.59463,0.824176,0.152625
2016/3/1 10:43,85,85,85,85,85,100,80,2.59463,0.824176,0.152625
2016/3/1 10:44,85,85,85,85,85,100,80,2.59463,0.824176,0.152625
2016/3/1 10:45,85,85,85,85,85,100,80,2.59463,0.824176,0.152625
2016/3/1 10:46,85,85,85,85,85,100,80,2.59463,0.824176,0.152625
2016/3/1 10:47,85,85,85,85,85,100,80,2.59463,0.824176,0.152625
2016/3/1 10:48,85,85,85,85,85,100,80,2.59463,0.824176,0.152625
2016/3/1 10:49,85,85,85,85,85,100,80,2.59463,0.824176,0.152625
2016/3/1 10:50,85,85,85,85,85,100,80,2.59463,0.824176,0.152625
2016/3/1 10:51,85,85,85,85,85,100,80,2.59463,0.824176,0.152625
2016/3/1 10:52,85,85,85,85,85,100,80,2.59463,0.824176,0.152625
2016/3/1 10:53,85,85,85,85,85,100,80,2.59463,0.824176,0.152625
2016/3/1 10:54,85,85,85,85,85,100,80,2.59463,0.824176,0.152625
2016/3/1 10:55,85,85,85,85,85,100,80,2.59463,0.824176,0.152625
2016/3/1 10:56,85,85,85,85,85,100,80,2.59463,0.824176,0.152625
2016/3/1 10:57,85,85,85,85,85,100,80,2.59463,0.824176,0.152625
2016/3/1 10:58,85,85,85,85,85,100,80,2.59463,0.824176,0.152625
2016/3/1 10:59,85,85,85,85,85,100,80,2.59463,0.824176,0.152625
2016/3/1 11:00,85,85,85,85,85,100,80,2.59463,0.824176,0.152625
2016/3/1 11:01,85,85,85,85,85,100,80,2.59463,0.824176,0.152625
2016/3/1 11:02,85,85,85,85,85,100,80,2.59463,0.824176,0.152625
2016/3/1 11:03,85,85,85,85,85,100,80,2.59463,0.824176,0.152625
2016/3/1 11:04,85,85,85,85,85,100,80,2.59463,0.824176,0.152625
2016/3/1 11:05,85,85,85,85,85,100,80,2.59463,0.824176,0.152625
2016/3/1 11:06,85,85,85,85,85,100,80,2.59463,0.824176,0.152625
2016/3/1 11:07,85,85,85,85,85,100,80,2.59463,0.824176,0.152625
2016/3/1 11:08,85,85,85,85,85,100,80,2.59463,0.824176,0.152625
2016/3/1 11:09,85,85,85,85,85,100,80,2.59463,0.824176,0.152625
2016/3/1 11:10,85,85,85,85,85,100,80,2.59463,0.824176,0.152625
2016/3/1 11:11,85,85,85,85,85,100,80,2.59463,0.824176,0.152625
2016/3/1 11:12,85,85,85,85,85,100,80,2.59463,0.824176,0.152625
2016/3/1 11:13,85,85,85,85,85,100,80,2.59463,0.824176,0.152625
2016/3/1 11:14,85,85,85,85,85,100,80,2.59463,0.824176,0.152625
2016/3/1 11:15,85,85,85,85,85,100,80,2.59463,0.824176,0.152625
2016/3/1 11:16,85,85,85,85,85,100,80,2.59463,0.824176,0.152625
2016/3/1 11:17,85,85,85,85,85,100,80,2.59463,0.824176,0.152625
2016/3/1 11:18,85,85,85,85,85,100,80,2.59463,0.824176,0.152625
2016/3/1 11:19,85,85,85,85,85,100,80,2.59463,0.824176,0.152625
2016/3/1 11:20,85,85,85,85,85,100,80,2.59463,0.824176,0.152625
2016/3/1 11:21,85,85,85,85,85,100,80,2.59463,0.824176,0.152625
2016/3/1 11:22,85,85,85,85,85,100,80,2.59463,0.824176,0.152625
2016/3/1 11:23,85,85,85,85,85,100,80,2.59463,0.824176,0.152625
2016/3/1 11:24,85,85,85,85,85,100,80,2.59463,0.824176,0.152625
2016/3/1 11:25,85,85,85,85,85,100,80,2.59463,0.824176,0.152625
2016/3/1 11:26,85,85,85,85,85,100,75,2.59463,0.824176,0.152625
2016/3/1 11:27,85,85,85,85,85,100,75,2.59463,0.824176,0.152625
2016/3/1 11:28,85,85,85,85,85,100,75,2.59463,0.824176,0.152625
2016/3/1 11:29,85,85,85,85,85,100,75,2.59463,0.824176,0.152625
2016/3/1 11:30,85,85,85,85,85,100,75,2.59463,0.824176,0.152625
2016/3/1 11:31,85,85,85,85,85,100,75,2.59463,0.824176,0.152625
2016/3/1 11:32,85,85,85,85,85,100,75,2.59463,0.824176,0.152625
2016/3/1 11:33,85,85,85,85,85,100,75,2.59463,0.824176,0.152625
2016/3/1 11:34,85,85,85,85,85,100,70,2.59463,0.824176,0.152625
2016/3/1 11:35,85,85,85,85,85,100,70,2.59463,0.824176,0.152625
2016/3/1 11:36,85,85,85,85,85,100,70,2.59463,0.824176,0.152625
2016/3/1 11:37,85,85,85,85,85,100,70,2.59463,0.824176,0.152625
2016/3/1 11:38,85,85,85,85,85,100,70,2.59463,0.824176,0.152625
2016/3/1 11:39,85,85,85,85,85,100,70,2.59463,0.824176,0.152625
2016/3/1 11:40,85,85,85,85,85,100,70,2.59463,0.824176,0.152625
2016/3/1 11:41,85,85,85,85,85,100,70,2.59463,0.824176,0.152625
2016/3/1 11:42,85,85,85,85,85,100,70,2.59463,0.824176,0.152625
2016/3/1 11:43,85,85,85,85,85,100,70,2.59463,0.824176,0.152625
2016/3/1 11:44,85,85,85,85,85,100,70,2.59463,0.824176,0.152625
2016/3/1 11:45,85,85,85,85,85,100,70,2.59463,0.824176,0.152625
2016/3/1 11:46,85,85,85,85,85,100,70,2.59463,0.824176,0.152625
2016/3/1 11:47,85,85,85,85,85,100,70,2.59463,0.824176,0.152625
2016/3/1 11:48,85,85,85,85,85,100,70,2.59463,0.824176,0.152625
2016/3/1 11:49,85,85,85,85,85,100,70,2.59463,0.824176,0.152625
2016/3/1 11:50,85,85,85,85,85,100,65,2.59463,0.824176,0.152625
2016/3/1 11:51,85,85,85,85,85,100,65,2.59463,0.824176,0.152625
2016/3/1 11:52,85,85,85,85,85,100,60,2.59463,0.824176,0.152625
2016/3/1 11:53,85,85,85,85,85,100,60,2.59463,0.824176,0.152625
2016/3/1 11:54,85,85,85,85,85,100,60,2.59463,0.824176,0.152625
2016/3/1 11:55,85,85,85,85,85,100,60,2.59463,0.824176,0.152625
2016/3/1 11:56,85,85,85,85,85,100,60,2.59463,0.824176,0.152625
2016/3/1 11:57,85,85,85,85,85,100,60,2.59463,0.824176,0.152625
2016/3/1 11:58,85,85,85,85,85,100,60,2.59463,0.824176,0.152625
2016/3/1 11:59,85,85,85,85,85,100,60,2.59463,0.824176,0.152625
2016/3/1 12:00,85,85,85,85,85,100,60,2.59463,0.824176,0.152625
2016/3/1 12:01,85,85,85,85,85,100,60,2.59463,0.824176,0.152625
2016/3/1 12:02,85,85,85,85,85,100,60,2.59463,0.824176,0.152625
2016/3/1 12:03,85,85,85,85,85,100,60,2.59463,0.824176,0.152625
2016/3/1 12:04,85,85,85,85,85,100,60,2.53358,0.824176,0.152625
2016/3/1 12:05,85,85,85,85,85,100,60,2.53358,0.824176,0.152625
2016/3/1 12:06,85,85,85,85,85,100,60,2.53358,0.824176,0.152625
2016/3/1 12:07,85,85,85,85,85,100,60,2.59463,0.824176,0.152625
2016/3/1 12:08,85,85,85,85,85,100,60,2.53358,0.824176,0.152625
2016/3/1 12:09,85,85,85,85,85,100,60,2.53358,0.824176,0.152625
2016/3/1 12:10,85,85,85,85,85,100,60,2.53358,0.824176,0.152625
2016/3/1 12:11,85,85,85,85,85,100,60,2.53358,0.824176,0.152625
2016/3/1 12:12,85,85,85,85,85,100,60,2.53358,0.824176,0.152625
2016/3/1 12:13,85,85,85,85,85,100,60,2.53358,0.824176,0.152625
2016/3/1 12:14,85,85,85,85,85,100,60,2.53358,0.824176,0.152625
2016/3/1 12:15,85,85,85,85,85,100,60,2.59463,0.824176,0.152625
2016/3/1 12:16,85,85,85,85,85,100,60,2.53358,0.824176,0.152625
2016/3/1 12:17,85,85,85,85,85,100,60,2.53358,0.824176,0.152625
2016/3/1 12:18,85,85,85,85,85,100,60,2.53358,0.824176,0.152625
2016/3/1 12:19,85,85,85,85,85,100,60,2.59463,0.824176,0.152625
2016/3/1 12:20,85,85,85,85,85,100,60,2.53358,0.824176,0.152625
2016/3/1 12:21,85,85,85,85,85,100,60,2.59463,0.824176,0.152625
2016/3/1 12:22,85,85,85,85,85,100,60,2.59463,0.824176,0.213675
2016/3/1 12:23,85,85,85,85,85,100,60,2.59463,0.824176,0.152625
2016/3/1 12:24,85,85,85,85,85,100,60,2.53358,0.824176,0.152625
2016/3/1 12:25,85,85,85,85,85,100,60,2.53358,0.824176,0.152625
2016/3/1 12:26,85,85,85,85,85,100,60,2.59463,0.824176,0.152625
2016/3/1 12:27,85,85,85,85,85,100,60,2.59463,0.824176,0.213675
2016/3/1 12:28,85,85,85,85,85,100,60,2.59463,0.824176,0.152625
2016/3/1 12:29,85,85,85,85,85,100,65,2.59463,0.824176,0.152625
2016/3/1 12:30,85,85,85,85,85,100,65,2.59463,0.824176,0.152625
2016/3/1 12:31,85,85,85,85,85,100,65,2.59463,0.824176,0.152625
2016/3/1 12:32,85,85,85,85,85,100,65,2.53358,0.824176,0.152625
2016/3/1 12:33,85,85,85,85,85,100,65,2.53358,0.824176,0.152625
2016/3/1 12:34,85,85,85,85,85,100,65,2.53358,0.824176,0.152625
2016/3/1 12:35,85,85,85,85,85,100,65,2.53358,0.824176,0.152625
2016/3/1 12:36,85,85,85,85,85,100,65,2.59463,0.824176,0.152625
2016/3/1 12:37,85,85,85,85,85,100,65,2.59463,0.824176,0.152625
2016/3/1 12:38,85,85,85,85,85,100,65,2.59463,0.824176,0.152625
2016/3/1 12:39,85,85,85,85,85,100,65,2.59463,0.824176,0.152625
2016/3/1 12:40,85,85,85,85,85,100,65,2.59463,0.824176,0.152625
2016/3/1 12:41,85,85,85,85,85,100,65,2.59463,0.824176,0.152625
2016/3/1 12:42,85,85,85,85,85,100,65,2.59463,0.824176,0.213675
2016/3/1 12:43,85,85,85,85,85,100,65,2.59463,0.824176,0.152625
2016/3/1 12:44,85,85,85,85,85,100,65,2.59463,0.824176,0.152625
2016/3/1 12:45,85,85,85,85,85,100,65,2.59463,0.824176,0.152625
2016/3/1 12:46,85,85,85,85,85,100,70,2.59463,0.824176,0.152625
2016/3/1 12:47,85,85,85,85,85,100,70,2.59463,0.824176,0.152625
2016/3/1 12:48,85,85,85,85,85,100,70,2.59463,0.824176,0.152625
2016/3/1 12:49,85,85,85,85,85,100,70,2.59463,0.824176,0.152625
2016/3/1 12:50,85,85,85,85,85,100,70,2.59463,0.824176,0.152625
2016/3/1 12:51,85,85,85,85,85,100,70,2.59463,0.824176,0.152625
2016/3/1 12:52,85,85,85,85,85,100,70,2.59463,0.824176,0.152625
2016/3/1 12:53,85,85,85,85,85,100,70,2.59463,0.824176,0.152625
2016/3/1 12:54,85,85,85,85,85,100,70,2.59463,0.824176,0.152625
2016/3/1 12:55,85,85,85,85,85,100,70,2.59463,0.824176,0.152625
2016/3/1 12:56,85,85,85,85,85,100,70,2.59463,0.824176,0.152625
2016/3/1 12:57,85,85,85,85,85,100,70,2.59463,0.824176,0.152625
2016/3/1 12:58,85,85,85,85,85,100,70,2.59463,0.824176,0.152625
2016/3/1 12:59,85,85,85,85,85,100,70,2.59463,0.824176,0.152625
2016/3/1 13:00,85,85,85,85,85,100,70,2.59463,0.824176,0.152625
2016/3/1 13:01,85,85,85,85,85,100,70,2.59463,0.824176,0.152625
2016/3/1 13:02,85,85,85,85,85,100,70,2.59463,0.824176,0.152625
2016/3/1 13:03,85,85,85,85,85,100,70,2.59463,0.824176,0.152625
2016/3/1 13:04,85,85,85,85,85,100,70,2.59463,0.824176,0.152625
2016/3/1 13:05,85,85,85,85,85,100,70,2.59463,0.824176,0.152625
2016/3/1 13:06,85,85,85,85,85,100,70,2.59463,0.824176,0.152625
2016/3/1 13:07,85,85,85,85,85,100,70,2.53358,0.824176,0.152625
2016/3/1 13:08,85,85,85,85,85,100,70,2.59463,0.824176,0.152625
2016/3/1 13:09,85,85,85,85,85,100,70,2.59463,0.824176,0.152625
2016/3/1 13:10,85,85,85,85,85,100,70,2.59463,0.824176,0.213675
2016/3/1 13:11,85,85,85,85,85,100,70,2.59463,0.824176,0.152625
2016/3/1 13:12,85,85,85,85,85,100,70,2.59463,0.824176,0.152625
2016/3/1 13:13,85,85,85,85,85,100,70,2.59463,0.824176,0.152625
2016/3/1 13:14,85,85,85,85,85,100,70,2.59463,0.824176,0.213675
2016/3/1 13:15,85,85,85,85,85,100,70,2.59463,0.824176,0.213675
2016/3/1 13:16,85,85,85,85,85,100,70,2.59463,0.824176,0.152625
2016/3/1 13:17,85,85,85,85,85,100,70,2.59463,0.824176,0.152625
2016/3/1 13:18,85,85,85,85,85,100,70,2.59463,0.824176,0.152625
2016/3/1 13:19,85,85,85,85,85,100,70,2.59463,0.824176,0.152625
2016/3/1 13:20,85,85,85,85,85,100,70,2.59463,0.824176,0.152625
2016/3/1 13:21,85,85,85,85,85,100,70,2.59463,0.824176,0.152625
2016/3/1 13:22,85,85,85,85,85,100,70,2.59463,0.824176,0.152625
2016/3/1 13:23,85,85,85,85,85,100,70,2.59463,0.824176,0.152625
2016/3/1 13:24,85,85,85,85,85,100,70,2.59463,0.824176,0.152625
2016/3/1 13:25,85,85,85,85,85,100,70,2.59463,0.824176,0.152625
2016/3/1 13:26,85,85,85,85,85,100,70,2.59463,0.824176,0.152625
2016/3/1 13:27,85,85,85,85,85,100,70,2.59463,0.824176,0.152625
2016/3/1 13:28,85,85,85,85,85,100,70,2.59463,0.824176,0.152625
2016/3/1 13:29,85,85,85,85,85,100,70,2.59463,0.824176,0.152625
2016/3/1 13:30,85,85,85,85,85,100,70,2.59463,0.824176,0.152625
2016/3/1 13:31,85,85,85,85,85,100,70,2.53358,0.824176,0.152625
2016/3/1 13:32,85,85,85,85,85,100,70,2.59463,0.824176,0.152625
2016/3/1 13:33,85,85,85,85,85,100,70,2.59463,0.824176,0.152625
2016/3/1 13:34,85,85,85,85,85,100,70,2.59463,0.824176,0.152625
2016/3/1 13:35,85,85,85,85,85,100,70,2.59463,0.824176,0.152625
2016/3/1 13:36,85,85,85,85,85,100,70,2.59463,0.824176,0.152625
2016/3/1 13:37,85,85,85,85,85,100,70,2.59463,0.824176,0.152625
2016/3/1 13:38,85,85,85,85,85,100,70,2.59463,0.824176,0.152625
2016/3/1 13:39,85,85,85,85,85,100,70,2.59463,0.824176,0.152625
2016/3/1 13:40,85,85,85,85,85,100,70,2.59463,0.824176,0.152625
2016/3/1 13:41,85,85,85,85,85,100,70,2.59463,0.824176,0.152625
2016/3/1 13:42,85,85,85,85,85,100,70,2.59463,0.824176,0.152625
2016/3/1 13:43,85,85,85,85,85,100,70,2.59463,0.824176,0.152625
2016/3/1 13:44,85,85,85,85,85,100,70,2.59463,0.824176,0.152625
2016/3/1 13:45,85,85,85,85,85,100,70,2.59463,0.824176,0.152625
2016/3/1 13:46,85,85,85,85,85,100,70,2.59463,0.824176,0.152625
2016/3/1 13:47,85,85,85,85,85,100,70,2.59463,0.824176,0.152625
2016/3/1 13:48,85,85,85,85,85,100,70,2.59463,0.824176,0.152625
2016/3/1 13:49,85,85,85,85,85,100,70,2.59463,0.824176,0.152625
2016/3/1 13:50,85,85,85,85,85,100,70,2.59463,0.824176,0.213675
2016/3/1 13:51,85,85,85,85,85,100,70,2.59463,0.824176,0.152625
2016/3/1 13:52,85,85,85,85,85,100,70,2.59463,0.824176,0.152625
2016/3/1 13:53,85,85,85,85,85,100,70,2.59463,0.824176,0.152625
2016/3/1 13:54,85,85,85,85,85,100,70,2.59463,0.824176,0.152625
2016/3/1 13:55,85,85,85,85,85,100,70,2.59463,0.824176,0.152625
2016/3/1 13:56,85,85,85,85,85,100,70,2.59463,0.824176,0.152625
2016/3/1 13:57,85,85,85,85,85,100,68,2.59463,0.824176,0.213675
2016/3/1 13:58,85,85,85,85,85,100,68,2.59463,0.824176,0.152625
2016/3/1 13:59,85,85,85,85,85,100,68,2.59463,0.824176,0.152625
2016/3/1 14:00,85,85,85,85,85,100,68,2.59463,0.824176,0.152625
2016/3/1 14:01,85,85,85,85,85,100,68,2.59463,0.824176,0.152625
2016/3/1 14:02,85,85,85,85,85,100,66,2.59463,0.824176,0.152625
2016/3/1 14:03,85,85,85,85,85,100,66,2.59463,0.824176,0.152625
2016/3/1 14:04,85,85,85,85,85,100,66,2.59463,0.824176,0.152625
2016/3/1 14:05,85,85,85,85,85,100,66,2.59463,0.824176,0.152625
2016/3/1 14:06,85,85,85,85,85,100,66,2.59463,0.824176,0.152625
2016/3/1 14:07,85,85,85,85,85,100,66,2.59463,0.824176,0.152625
2016/3/1 14:08,85,85,85,85,85,100,66,2.59463,0.824176,0.213675
2016/3/1 14:09,85,85,85,85,85,100,66,2.59463,0.824176,0.152625
2016/3/1 14:10,85,85,85,85,85,100,64,2.59463,0.824176,0.152625
2016/3/1 14:11,85,85,85,85,85,100,64,2.59463,0.824176,0.152625
2016/3/1 14:12,85,85,85,85,85,100,64,2.59463,0.824176,0.213675
2016/3/1 14:13,85,85,85,85,85,100,64,2.59463,0.824176,0.152625
2016/3/1 14:14,85,85,85,85,85,100,64,2.59463,0.824176,0.152625
2016/3/1 14:15,85,85,85,85,85,100,64,2.59463,0.824176,0.152625
2016/3/1 14:16,85,85,85,85,85,100,64,2.59463,0.824176,0.152625
2016/3/1 14:17,85,85,85,85,85,100,64,2.59463,0.824176,0.152625
2016/3/1 14:18,85,85,85,85,85,100,64,2.59463,0.824176,0.152625
2016/3/1 14:19,85,85,85,85,85,100,64,2.59463,0.824176,0.152625
2016/3/1 14:20,85,85,85,85,85,100,64,2.59463,0.824176,0.213675
2016/3/1 14:21,85,85,85,85,85,100,64,2.59463,0.824176,0.152625
2016/3/1 14:22,85,85,85,85,85,100,64,2.59463,0.824176,0.152625
2016/3/1 14:23,85,85,85,85,85,100,64,2.59463,0.824176,0.152625
2016/3/1 14:24,85,85,85,85,85,100,64,2.59463,0.824176,0.152625
2016/3/1 14:25,85,85,85,85,85,100,64,2.59463,0.824176,0.152625
2016/3/1 14:26,85,85,85,85,85,100,64,2.59463,0.824176,0.152625
2016/3/1 14:27,85,85,85,85,85,100,64,2.59463,0.824176,0.152625
2016/3/1 14:28,85,85,85,85,85,100,64,2.59463,0.824176,0.152625
2016/3/1 14:29,85,85,85,85,85,100,64,2.59463,0.824176,0.152625
2016/3/1 14:30,85,85,85,85,85,100,64,2.59463,0.824176,0.152625
2016/3/1 14:31,85,85,85,85,85,100,64,2.59463,0.824176,0.152625
2016/3/1 14:32,85,85,85,85,85,100,64,2.59463,0.824176,0.152625
2016/3/1 14:33,85,85,85,85,85,100,64,2.59463,0.824176,0.152625
2016/3/1 14:34,85,85,85,85,85,100,64,2.59463,0.824176,0.152625
2016/3/1 14:35,85,85,85,85,85,100,64,2.59463,0.824176,0.152625
2016/3/1 14:36,85,85,85,85,85,100,64,2.59463,0.824176,0.152625
2016/3/1 14:37,85,85,85,85,85,100,64,2.59463,0.824176,0.152625
2016/3/1 14:38,85,85,85,85,85,100,64,2.59463,0.824176,0.152625
2016/3/1 14:39,85,85,85,85,85,100,64,2.59463,0.824176,0.152625
2016/3/1 14:40,85,85,85,85,85,100,64,2.59463,0.824176,0.152625
2016/3/1 14:41,85,85,85,85,85,100,64,2.59463,0.824176,0.152625
2016/3/1 14:42,85,85,85,85,85,100,64,2.59463,0.824176,0.152625
2016/3/1 14:43,85,85,85,85,85,100,64,2.59463,0.824176,0.152625
2016/3/1 14:44,85,85,85,85,85,100,64,2.59463,0.824176,0.152625
2016/3/1 14:45,85,85,85,85,85,100,64,2.59463,0.824176,0.152625
2016/3/1 14:46,85,85,85,85,85,100,64,2.59463,0.824176,0.152625
2016/3/1 14:47,85,85,85,85,85,100,64,2.59463,0.824176,0.152625
2016/3/1 14:48,85,85,85,85,85,100,64,2.59463,0.824176,0.152625
2016/3/1 14:49,85,85,85,85,85,100,64,2.59463,0.824176,0.152625
2016/3/1 14:50,85,85,85,85,85,100,64,2.59463,0.824176,0.152625
2016/3/1 14:51,85,85,85,85,85,100,64,2.59463,0.824176,0.152625
2016/3/1 14:52,85,85,85,85,85,100,64,2.59463,0.824176,0.152625
2016/3/1 14:53,85,85,85,85,85,100,64,2.59463,0.824176,0.152625
2016/3/1 14:54,85,85,85,85,85,100,64,2.59463,0.824176,0.213675
2016/3/1 14:55,85,85,85,85,85,100,63,2.59463,0.824176,0.152625
2016/3/1 14:56,85,85,85,85,85,100,63,2.59463,0.824176,0.213675
2016/3/1 14:57,85,85,85,85,85,100,63,2.59463,0.824176,0.152625
2016/3/1 14:58,85,85,85,85,85,100,62,2.59463,0.824176,0.152625
2016/3/1 14:59,85,85,85,85,85,100,62,2.59463,0.824176,0.152625
2016/3/1 15:00,85,85,85,85,85,100,62,2.59463,0.824176,0.152625
2016/3/1 15:01,85,85,85,85,85,100,62,2.59463,0.824176,0.152625
2016/3/1 15:02,85,85,85,85,85,100,62,2.59463,0.824176,0.152625
2016/3/1 15:03,85,85,85,85,85,100,60,2.59463,0.824176,0.152625
2016/3/1 15:04,85,85,85,85,85,100,60,2.59463,0.824176,0.152625
2016/3/1 15:05,85,85,85,85,85,100,60,2.59463,0.824176,0.152625
2016/3/1 15:06,85,85,85,85,85,100,60,2.59463,0.824176,0.152625
2016/3/1 15:07,85,85,85,85,85,100,60,2.59463,0.824176,0.152625
2016/3/1 15:08,85,85,85,85,85,100,60,2.59463,0.824176,0.152625
2016/3/1 15:09,85,85,85,85,85,100,60,2.59463,0.824176,0.152625
2016/3/1 15:10,85,85,85,85,85,100,60,2.59463,0.824176,0.152625
2016/3/1 15:11,85,85,85,85,85,100,60,2.59463,0.824176,0.152625
2016/3/1 15:12,85,85,85,85,85,100,60,2.59463,0.824176,0.152625
2016/3/1 15:13,85,85,85,85,85,100,60,2.59463,0.824176,0.152625
2016/3/1 15:14,85,85,85,85,85,100,60,2.59463,0.824176,0.152625
2016/3/1 15:15,85,85,85,85,85,100,60,2.59463,0.824176,0.152625
2016/3/1 15:16,85,85,85,85,85,100,60,2.59463,0.824176,0.152625
2016/3/1 15:17,85,85,85,85,85,100,60,2.59463,0.824176,0.152625
2016/3/1 15:18,85,85,85,85,85,100,60,2.59463,0.824176,0.152625
2016/3/1 15:19,85,85,85,85,85,100,60,2.59463,0.824176,0.152625
2016/3/1 15:20,85,85,85,85,85,100,60,2.59463,0.824176,0.152625
2016/3/1 15:21,85,85,85,85,85,100,60,2.59463,0.824176,0.213675
2016/3/1 15:22,85,85,85,85,85,100,60,2.59463,0.824176,0.152625
2016/3/1 15:23,85,85,85,85,85,100,60,2.59463,0.824176,0.152625
2016/3/1 15:24,85,85,85,85,85,100,60,2.59463,0.824176,0.152625
2016/3/1 15:25,85,85,85,85,85,100,60,2.59463,0.824176,0.152625
2016/3/1 15:26,85,85,85,85,85,100,60,2.59463,0.824176,0.152625
2016/3/1 15:27,85,85,85,85,85,100,60,2.59463,0.824176,0.152625
2016/3/1 15:28,85,85,85,85,85,100,60,2.59463,0.824176,0.152625
2016/3/1 15:29,85,85,85,85,85,100,60,2.59463,0.824176,0.152625
2016/3/1 15:30,85,85,85,85,85,100,60,2.59463,0.824176,0.152625
2016/3/1 15:31,85,85,85,85,85,100,60,2.59463,0.824176,0.152625
2016/3/1 15:32,85,85,85,85,85,100,60,2.59463,0.824176,0.152625
2016/3/1 15:33,85,85,85,85,85,100,60,2.59463,0.824176,0.152625
2016/3/1 15:34,85,85,85,85,85,100,60,2.59463,0.824176,0.152625
2016/3/1 15:35,85,85,85,85,85,100,60,2.59463,0.824176,0.152625
2016/3/1 15:36,85,85,85,85,85,100,60,2.59463,0.824176,0.152625
2016/3/1 15:37,85,85,85,85,85,100,60,2.59463,0.824176,0.152625
2016/3/1 15:38,85,85,85,85,85,100,60,2.59463,0.824176,0.152625
2016/3/1 15:39,85,85,85,85,85,100,58,2.59463,0.824176,0.152625
2016/3/1 15:40,85,85,85,85,85,100,58,2.59463,0.824176,0.152625
2016/3/1 15:41,85,85,85,85,85,100,58,2.59463,0.824176,0.152625
2016/3/1 15:42,85,85,85,85,85,100,58,2.59463,0.824176,0.152625
2016/3/1 15:43,85,85,85,85,85,100,58,2.59463,0.824176,0.152625
2016/3/1 15:44,85,85,85,85,85,100,58,2.59463,0.824176,0.152625
2016/3/1 15:45,85,85,85,85,85,100,58,2.59463,0.824176,0.152625
2016/3/1 15:46,85,85,85,85,85,100,58,2.59463,0.824176,0.152625
2016/3/1 15:47,85,85,85,85,85,100,58,2.59463,0.824176,0.152625
2016/3/1 15:48,85,85,85,85,85,100,58,2.59463,0.824176,0.152625
2016/3/1 15:49,85,85,85,85,85,100,58,2.59463,0.824176,0.152625
2016/3/1 15:50,85,85,85,85,85,100,58,2.59463,0.824176,0.152625
2016/3/1 15:51,85,85,85,85,85,100,58,2.59463,0.824176,0.152625
2016/3/1 15:52,85,85,85,85,85,100,58,2.59463,0.824176,0.152625
2016/3/1 15:53,85,85,85,85,85,100,58,2.59463,0.824176,0.152625
2016/3/1 15:54,85,85,85,85,85,100,58,2.59463,0.824176,0.152625
2016/3/1 15:55,85,85,85,85,85,100,58,2.59463,0.824176,0.152625
2016/3/1 15:56,85,85,85,85,85,100,58,2.59463,0.824176,0.152625
2016/3/1 15:57,85,85,85,85,85,100,58,2.59463,0.824176,0.152625
2016/3/1 15:58,85,85,85,85,85,100,58,2.59463,0.824176,0.152625
2016/3/1 15:59,85,85,85,85,85,100,58,2.59463,0.824176,0.152625
2016/3/1 16:00,85,85,85,85,85,100,58,2.59463,0.824176,0.152625
2016/3/1 16:01,85,85,85,85,85,100,58,2.59463,0.824176,0.152625
2016/3/1 16:02,85,85,85,85,85,100,58,2.59463,0.824176,0.152625
2016/3/1 16:03,85,85,85,85,85,100,58,2.59463,0.824176,0.152625
2016/3/1 16:04,85,85,85,85,85,100,58,2.59463,0.824176,0.152625
2016/3/1 16:05,85,85,85,85,85,100,58,2.59463,0.824176,0.152625
2016/3/1 16:06,85,85,85,85,85,100,58,2.59463,0.824176,0.152625
2016/3/1 16:07,85,85,85,85,85,100,58,2.59463,0.824176,0.152625
2016/3/1 16:08,85,85,85,85,85,100,58,2.59463,0.824176,0.152625
2016/3/1 16:09,85,85,85,85,85,100,58,2.59463,0.824176,0.152625
2016/3/1 16:10,85,85,85,85,85,100,58,2.59463,0.824176,0.152625
2016/3/1 16:11,85,85,85,85,85,100,58,2.59463,0.824176,0.152625
2016/3/1 16:12,85,85,85,85,85,100,58,2.59463,0.824176,0.152625
2016/3/1 16:13,85,85,85,85,85,100,58,2.59463,0.824176,0.152625
2016/3/1 16:14,85,85,85,85,85,100,58,2.59463,0.824176,0.152625
2016/3/1 16:15,85,85,85,85,85,100,58,2.59463,0.824176,0.152625
2016/3/1 16:16,85,85,85,85,85,100,58,2.59463,0.824176,0.152625
2016/3/1 16:17,85,85,85,85,85,100,58,2.59463,0.824176,0.152625
2016/3/1 16:18,85,85,85,85,85,100,58,2.59463,0.824176,0.152625
2016/3/1 16:19,85,85,85,85,85,100,58,2.59463,0.824176,0.152625
2016/3/1 16:20,85,85,85,85,85,100,58,2.59463,0.824176,0.152625
2016/3/1 16:21,85,85,85,85,85,100,70,2.59463,0.824176,0.152625
2016/3/1 16:22,85,85,85,85,85,100,70,2.59463,0.824176,0.152625
2016/3/1 16:23,85,85,85,85,85,100,70,2.59463,0.824176,0.152625
2016/3/1 16:24,85,85,85,85,85,100,70,2.59463,0.824176,0.152625
2016/3/1 16:25,85,85,85,85,85,100,70,2.59463,0.824176,0.213675
2016/3/1 16:26,85,85,85,85,85,100,70,2.59463,0.824176,0.152625
2016/3/1 16:27,85,85,85,85,85,100,70,2.59463,0.824176,0.213675
2016/3/1 16:28,85,85,85,85,85,100,70,2.59463,0.824176,0.152625
2016/3/1 16:29,85,85,85,85,85,100,70,2.59463,0.824176,0.213675
2016/3/1 16:30,85,85,85,85,85,100,70,2.59463,0.824176,0.152625
2016/3/1 16:31,85,85,85,85,85,100,58,2.59463,0.824176,0.152625
2016/3/1 16:32,85,85,85,85,85,100,58,2.59463,0.824176,0.152625
2016/3/1 16:33,85,85,85,85,85,100,58,2.59463,0.824176,0.152625
2016/3/1 16:34,85,85,85,85,85,100,58,2.59463,0.824176,0.152625
2016/3/1 16:35,85,85,85,85,85,100,58,2.59463,0.824176,0.152625
2016/3/1 16:36,85,85,85,85,85,100,58,2.59463,0.824176,0.152625
2016/3/1 16:37,85,85,85,85,85,100,58,2.59463,0.824176,0.213675
2016/3/1 16:38,85,85,85,85,85,100,58,2.59463,0.824176,0.213675
2016/3/1 16:39,85,85,85,85,85,100,58,2.59463,0.824176,0.152625
2016/3/1 16:40,85,85,85,85,85,100,58,2.59463,0.824176,0.152625
2016/3/1 16:41,85,85,85,85,85,100,58,2.59463,0.824176,0.152625
2016/3/1 16:42,85,85,85,85,85,100,58,2.59463,0.824176,0.152625
2016/3/1 16:43,85,85,85,85,85,100,58,2.59463,0.824176,0.152625
2016/3/1 16:44,85,85,85,85,85,100,58,2.59463,0.824176,0.152625
2016/3/1 16:45,85,85,85,85,85,100,58,2.59463,0.824176,0.152625
2016/3/1 16:46,85,85,85,85,85,100,58,2.59463,0.824176,0.152625
2016/3/1 16:47,85,85,85,85,85,100,58,2.59463,0.824176,0.152625
2016/3/1 16:48,85,85,85,85,85,100,58,2.59463,0.824176,0.152625
2016/3/1 16:49,85,85,85,85,85,100,58,2.59463,0.824176,0.152625
2016/3/1 16:50,85,85,85,85,85,100,58,2.59463,0.824176,0.213675
2016/3/1 16:51,85,85,85,85,85,100,58,2.59463,0.824176,0.152625
2016/3/1 16:52,85,85,85,85,85,100,58,2.59463,0.824176,0.152625
2016/3/1 16:53,85,85,85,85,85,100,58,2.59463,0.824176,0.152625
2016/3/1 16:54,85,85,85,85,85,100,58,2.59463,0.824176,0.152625
2016/3/1 16:55,85,85,85,85,85,100,58,2.59463,0.824176,0.152625
2016/3/1 16:56,85,85,85,85,85,100,58,2.59463,0.824176,0.152625
2016/3/1 16:57,85,85,85,85,85,100,58,2.59463,0.824176,0.152625
2016/3/1 16:58,85,85,85,85,85,100,58,2.59463,0.824176,0.152625
2016/3/1 16:59,85,85,85,85,85,100,58,2.59463,0.824176,0.152625
2016/3/1 17:00,85,85,85,85,85,100,58,2.59463,0.824176,0.152625
2016/3/1 17:01,85,85,85,85,85,100,58,2.59463,0.824176,0.152625
2016/3/1 17:02,85,85,85,85,85,100,58,2.59463,0.824176,0.213675
2016/3/1 17:03,85,85,85,85,85,100,58,2.59463,0.824176,0.152625
2016/3/1 17:04,85,85,85,85,85,100,58,2.59463,0.824176,0.152625
2016/3/1 17:05,85,85,85,85,85,100,58,2.59463,0.824176,0.152625
2016/3/1 17:06,85,85,85,85,85,100,58,2.59463,0.824176,0.152625
2016/3/1 17:07,85,85,85,85,85,100,58,2.59463,0.824176,0.152625
2016/3/1 17:08,85,85,85,85,85,100,58,2.59463,0.824176,0.152625
2016/3/1 17:09,85,85,85,85,85,100,58,2.59463,0.824176,0.152625
2016/3/1 17:10,85,85,85,85,85,100,58,2.59463,0.824176,0.152625
2016/3/1 17:11,85,85,85,85,85,100,58,2.59463,0.824176,0.152625
2016/3/1 17:12,85,85,85,85,85,100,58,2.59463,0.824176,0.152625
2016/3/1 17:13,85,85,85,85,85,100,66,2.59463,0.824176,0.152625
2016/3/1 17:14,85,85,85,85,85,100,66,2.59463,0.824176,0.152625
2016/3/1 17:15,85,85,85,85,85,100,66,2.59463,0.824176,0.152625
2016/3/1 17:16,85,85,85,85,85,100,66,2.59463,0.824176,0.152625
2016/3/1 17:17,85,85,85,85,85,100,66,2.59463,0.824176,0.152625
2016/3/1 17:18,85,85,85,85,85,100,66,2.59463,0.824176,0.152625
2016/3/1 17:19,85,85,85,85,85,100,66,2.59463,0.824176,0.152625
2016/3/1 17:20,85,85,85,85,85,100,66,2.59463,0.824176,0.152625
2016/3/1 17:21,85,85,85,85,85,100,66,2.59463,0.824176,0.152625
2016/3/1 17:22,85,85,85,85,85,100,66,2.59463,0.824176,0.152625
2016/3/1 17:23,85,85,85,85,85,100,66,2.59463,0.824176,0.152625
2016/3/1 17:24,85,85,85,85,85,100,66,2.59463,0.824176,0.152625
2016/3/1 17:25,85,85,85,85,85,100,66,2.59463,0.824176,0.152625
2016/3/1 17:26,85,85,85,85,85,100,66,2.59463,0.824176,0.152625
2016/3/1 17:27,85,85,85,85,85,100,66,2.59463,0.824176,0.152625
2016/3/1 17:28,85,85,85,85,85,100,66,2.65568,0.824176,0.152625
2016/3/1 17:29,85,85,85,85,85,100,66,2.65568,0.824176,0.152625
2016/3/1 17:30,85,85,85,85,85,100,66,2.59463,0.824176,0.152625
2016/3/1 17:31,85,85,85,85,85,100,66,2.65568,0.824176,0.152625
2016/3/1 17:32,85,85,85,85,85,100,66,2.59463,0.824176,0.152625
2016/3/1 17:33,85,85,85,85,85,100,66,2.65568,0.824176,0.213675
2016/3/1 17:34,85,85,85,85,85,100,66,2.59463,0.824176,0.152625
2016/3/1 17:35,85,85,85,85,85,100,66,2.59463,0.824176,0.152625
2016/3/1 17:36,85,85,85,85,85,100,66,2.65568,0.824176,0.152625
2016/3/1 17:37,85,85,85,85,85,100,66,2.59463,0.824176,0.152625
2016/3/1 17:38,85,85,85,85,85,100,66,2.59463,0.824176,0.152625
2016/3/1 17:39,85,85,85,85,85,100,66,2.59463,0.824176,0.152625
2016/3/1 17:40,85,85,85,85,85,100,66,2.59463,0.824176,0.213675
2016/3/1 17:41,85,85,85,85,85,100,66,2.59463,0.824176,0.152625
2016/3/1 17:42,85,85,85,85,85,100,66,2.65568,0.824176,0.152625
2016/3/1 17:43,85,85,85,85,85,100,66,2.65568,0.824176,0.152625
2016/3/1 17:44,85,85,85,85,85,100,66,2.59463,0.824176,0.152625
2016/3/1 17:45,85,85,85,85,85,100,66,2.59463,0.824176,0.152625
2016/3/1 17:46,85,85,85,85,85,100,66,2.59463,0.824176,0.152625
2016/3/1 17:47,85,85,85,85,85,100,66,2.65568,0.824176,0.152625
2016/3/1 17:48,85,85,85,85,85,100,66,2.65568,0.824176,0.152625
2016/3/1 17:49,85,85,85,85,85,100,66,2.59463,0.824176,0.152625
2016/3/1 17:50,85,85,85,85,85,100,66,2.59463,0.824176,0.152625
2016/3/1 17:51,85,85,85,85,85,100,66,2.59463,0.824176,0.152625
2016/3/1 17:52,85,85,85,85,85,100,66,2.59463,0.824176,0.152625
2016/3/1 17:53,85,85,85,85,85,100,66,2.59463,0.824176,0.152625
2016/3/1 17:54,85,85,85,85,85,100,66,2.59463,0.824176,0.152625
2016/3/1 17:55,85,85,85,85,85,100,66,2.59463,0.824176,0.152625
2016/3/1 17:56,85,85,85,85,85,100,66,2.59463,0.824176,0.152625
2016/3/1 17:57,85,85,85,85,85,100,66,2.59463,0.824176,0.152625
2016/3/1 17:58,85,85,85,85,85,100,66,2.59463,0.824176,0.152625
2016/3/1 17:59,85,85,85,85,85,100,66,2.59463,0.824176,0.152625
2016/3/1 18:00,85,85,85,85,85,100,85,2.59463,0.824176,0.152625
2016/3/1 18:01,85,85,85,85,85,100,85,2.59463,0.824176,0.152625
2016/3/1 18:02,85,85,85,85,85,100,85,2.59463,0.824176,0.152625
2016/3/1 18:03,85,85,85,85,85,100,80,2.59463,0.824176,0.152625
2016/3/1 18:04,85,85,85,85,85,100,80,2.59463,0.824176,0.213675
2016/3/1 18:05,85,85,85,85,85,100,80,2.59463,0.824176,0.152625
2016/3/1 18:06,85,85,85,85,85,100,80,2.59463,0.824176,0.152625
2016/3/1 18:07,85,85,85,85,85,100,80,2.59463,0.824176,0.152625
2016/3/1 18:08,85,85,85,85,85,100,80,2.59463,0.824176,0.213675
2016/3/1 18:09,85,85,85,85,85,100,80,2.59463,0.824176,0.152625
2016/3/1 18:10,85,85,85,85,85,100,68,2.59463,0.824176,0.152625
2016/3/1 18:11,85,85,85,85,85,100,68,2.59463,0.824176,0.152625
2016/3/1 18:12,85,85,85,85,85,100,68,2.59463,0.824176,0.152625
2016/3/1 18:13,85,85,85,85,85,100,66,2.59463,0.824176,0.152625
2016/3/1 18:14,85,85,85,85,85,100,66,2.59463,0.824176,0.152625
2016/3/1 18:15,85,85,85,85,85,100,50,2.59463,0.824176,0.213675
2016/3/1 18:16,85,85,85,85,85,100,50,2.59463,0.824176,0.152625
2016/3/1 18:17,85,85,85,85,85,100,50,2.59463,0.824176,0.213675
2016/3/1 18:18,85,85,85,85,85,100,50,2.59463,0.824176,0.213675
2016/3/1 18:19,85,85,85,85,85,100,50,2.59463,0.824176,0.152625
2016/3/1 18:20,85,85,85,85,85,100,50,2.59463,0.824176,0.152625
2016/3/1 18:21,85,85,85,85,85,100,50,2.59463,0.824176,0.152625
2016/3/1 18:22,85,85,85,85,85,100,50,2.59463,0.824176,0.152625
2016/3/1 18:23,85,85,85,85,85,100,50,2.59463,0.824176,0.152625
2016/3/1 18:24,85,85,85,85,85,100,50,2.59463,0.824176,0.152625
2016/3/1 18:25,85,85,85,85,85,100,50,2.59463,0.824176,0.152625
2016/3/1 18:26,85,85,85,85,85,100,50,2.59463,0.824176,0.213675
2016/3/1 18:27,85,85,85,85,85,100,50,2.59463,0.824176,0.152625
2016/3/1 18:28,85,85,85,85,85,100,80,2.59463,0.824176,0.152625
2016/3/1 18:29,85,85,85,85,85,100,84,2.65568,0.824176,0.213675
2016/3/1 18:30,85,85,85,85,85,100,84,2.59463,0.824176,0.152625
2016/3/1 18:31,85,85,85,85,85,100,84,2.65568,0.824176,0.152625
2016/3/1 18:32,85,85,85,85,85,100,84,2.59463,0.824176,0.152625
2016/3/1 18:33,85,85,85,85,85,100,84,2.59463,0.824176,0.152625
2016/3/1 18:34,85,85,85,85,85,100,84,2.65568,0.824176,0.152625
2016/3/1 18:35,85,85,85,85,85,100,84,2.59463,0.824176,0.152625
2016/3/1 18:36,85,85,85,85,85,100,84,2.65568,0.824176,0.152625
2016/3/1 18:37,85,85,85,85,85,100,84,2.59463,0.824176,0.152625
2016/3/1 18:38,85,85,85,85,85,100,84,2.65568,0.824176,0.152625
2016/3/1 18:39,85,85,85,85,85,100,84,2.59463,0.824176,0.152625
2016/3/1 18:40,85,85,85,85,85,100,84,2.59463,0.824176,0.152625
2016/3/1 18:41,85,85,85,85,85,100,84,2.59463,0.824176,0.152625
2016/3/1 18:42,85,85,85,85,85,100,84,2.59463,0.824176,0.152625
2016/3/1 18:43,85,85,85,85,85,100,84,2.59463,0.824176,0.152625
2016/3/1 18:44,85,85,85,85,85,100,84,2.59463,0.824176,0.152625
2016/3/1 18:45,85,85,85,85,85,100,70,2.59463,0.824176,0.152625
2016/3/1 18:46,85,85,85,85,85,100,62,2.59463,0.824176,0.152625
2016/3/1 18:47,85,85,85,85,85,100,62,2.59463,0.824176,0.213675
2016/3/1 18:48,85,85,85,85,85,100,62,2.59463,0.824176,0.152625
2016/3/1 18:49,85,85,85,85,85,100,62,2.59463,0.824176,0.152625
2016/3/1 18:50,85,85,85,85,85,100,62,2.59463,0.824176,0.152625
2016/3/1 18:51,85,85,85,85,85,100,62,2.59463,0.824176,0.152625
2016/3/1 18:52,85,85,85,85,85,100,62,2.59463,0.824176,0.152625
2016/3/1 18:53,85,85,85,85,85,100,62,2.59463,0.824176,0.152625
2016/3/1 18:54,85,85,85,85,85,100,62,2.59463,0.824176,0.152625
2016/3/1 18:55,85,85,85,85,85,100,62,2.59463,0.824176,0.213675
2016/3/1 18:56,85,85,85,85,85,100,62,2.59463,0.824176,0.152625
2016/3/1 18:57,85,85,85,85,85,100,62,2.59463,0.824176,0.213675
2016/3/1 18:58,85,85,85,85,85,100,62,2.59463,0.824176,0.152625
2016/3/1 18:59,85,85,85,85,85,100,62,2.59463,0.824176,0.152625
2016/3/1 19:00,85,85,85,85,85,100,62,2.59463,0.824176,0.213675
2016/3/1 19:01,85,85,85,85,85,100,62,2.59463,0.824176,0.213675
2016/3/1 19:02,85,85,85,85,85,100,62,2.59463,0.824176,0.152625
2016/3/1 19:03,85,85,85,85,85,100,62,2.59463,0.824176,0.152625
2016/3/1 19:04,85,85,85,85,85,100,62,2.59463,0.824176,0.152625
2016/3/1 19:05,85,85,85,85,85,100,62,2.59463,0.824176,0.152625
2016/3/1 19:06,85,85,85,85,85,100,62,2.59463,0.824176,0.213675
2016/3/1 19:07,85,85,85,85,85,100,62,2.59463,0.824176,0.152625
2016/3/1 19:08,85,85,85,85,85,100,62,2.59463,0.824176,0.152625
2016/3/1 19:09,85,85,85,85,85,100,62,2.59463,0.824176,0.152625
2016/3/1 19:10,85,85,85,85,85,100,62,2.59463,0.824176,0.152625
2016/3/1 19:11,85,85,85,85,85,100,78,2.59463,0.824176,0.152625
2016/3/1 19:12,85,85,85,85,85,100,78,2.59463,0.824176,0.152625
2016/3/1 19:13,85,85,85,85,85,100,78,2.59463,0.824176,0.152625
2016/3/1 19:14,85,85,85,85,85,100,78,2.59463,0.824176,0.152625
2016/3/1 19:15,85,85,85,85,85,100,78,2.59463,0.824176,0.152625
2016/3/1 19:16,85,85,85,85,85,100,78,2.59463,0.824176,0.152625
2016/3/1 19:17,85,85,85,85,85,100,78,2.59463,0.824176,0.213675
2016/3/1 19:18,85,85,85,85,85,100,78,2.59463,0.824176,0.213675
2016/3/1 19:19,85,85,85,85,85,100,78,2.59463,0.824176,0.152625
2016/3/1 19:20,85,85,85,85,85,100,78,2.59463,0.824176,0.152625
2016/3/1 19:21,85,85,85,85,85,100,70,2.59463,0.824176,0.152625
2016/3/1 19:22,85,85,85,85,85,100,70,2.59463,0.824176,0.152625
2016/3/1 19:23,85,85,85,85,85,100,70,2.59463,0.824176,0.152625
2016/3/1 19:24,85,85,85,85,85,100,70,2.59463,0.824176,0.152625
2016/3/1 19:25,85,85,85,85,85,100,70,2.59463,0.824176,0.213675
2016/3/1 19:26,85,85,85,85,85,100,70,2.59463,0.824176,0.152625
2016/3/1 19:27,85,85,85,85,85,100,70,2.59463,0.824176,0.152625
2016/3/1 19:28,85,85,85,85,85,100,70,2.59463,0.824176,0.152625
2016/3/1 19:29,85,85,85,85,85,100,70,2.59463,0.824176,0.152625
2016/3/1 19:30,85,85,85,85,85,100,70,2.59463,0.824176,0.152625
2016/3/1 19:31,85,85,85,85,85,100,70,2.59463,0.824176,0.152625
2016/3/1 19:32,85,85,85,85,85,100,70,2.59463,0.824176,0.213675
2016/3/1 19:33,85,85,85,85,85,100,70,2.59463,0.824176,0.152625
2016/3/1 19:34,85,85,85,85,85,100,70,2.59463,0.824176,0.152625
2016/3/1 19:35,85,85,85,85,85,100,70,2.59463,0.824176,0.213675
2016/3/1 19:36,85,85,85,85,85,100,70,2.59463,0.824176,0.152625
2016/3/1 19:37,85,85,85,85,85,100,70,2.59463,0.824176,0.152625
2016/3/1 19:38,85,85,85,85,85,100,70,2.59463,0.824176,0.152625
2016/3/1 19:39,85,85,85,85,85,100,66,2.59463,0.824176,0.152625
2016/3/1 19:40,85,85,85,85,85,100,66,2.59463,0.824176,0.152625
2016/3/1 19:41,85,85,85,85,85,100,66,2.59463,0.824176,0.152625
2016/3/1 19:42,85,85,85,85,85,100,66,2.59463,0.824176,0.152625
2016/3/1 19:43,85,85,85,85,85,100,66,2.59463,0.824176,0.213675
2016/3/1 19:44,85,85,85,85,85,100,66,2.59463,0.824176,0.152625
2016/3/1 19:45,85,85,85,85,85,100,66,2.59463,0.824176,0.213675
2016/3/1 19:46,85,85,85,85,85,100,66,2.59463,0.824176,0.152625
2016/3/1 19:47,85,85,85,85,85,100,66,2.59463,0.824176,0.152625
2016/3/1 19:48,85,85,85,85,85,100,66,2.59463,0.824176,0.152625
2016/3/1 19:49,85,85,85,85,85,100,66,2.59463,0.824176,0.152625
2016/3/1 19:50,85,85,85,85,85,100,66,2.59463,0.824176,0.152625
2016/3/1 19:51,85,85,85,85,85,100,66,2.59463,0.824176,0.213675
2016/3/1 19:52,85,85,85,85,85,100,66,2.59463,0.824176,0.213675
2016/3/1 19:53,85,85,85,85,85,100,66,2.59463,0.824176,0.152625
2016/3/1 19:54,85,85,85,85,85,100,66,2.59463,0.824176,0.152625
2016/3/1 19:55,85,85,85,85,85,100,66,2.59463,0.824176,0.213675
2016/3/1 19:56,85,85,85,85,85,100,66,2.59463,0.824176,0.152625
2016/3/1 19:57,85,85,85,85,85,100,66,2.59463,0.824176,0.152625
2016/3/1 19:58,85,85,85,85,85,100,66,2.59463,0.824176,0.213675
2016/3/1 19:59,85,85,85,85,85,100,66,2.59463,0.824176,0.152625
2016/3/1 20:00,85,85,85,80,80,100,66,2.59463,0.824176,0.152625
2016/3/1 20:01,85,85,85,80,80,100,66,2.59463,0.824176,0.213675
2016/3/1 20:02,85,85,85,80,80,100,66,2.59463,0.824176,0.152625
2016/3/1 20:03,85,85,85,80,80,100,66,2.59463,0.824176,0.152625
2016/3/1 20:04,85,85,85,80,80,100,66,2.59463,0.824176,0.152625
2016/3/1 20:05,85,85,85,80,80,100,66,2.59463,0.824176,0.152625
2016/3/1 20:06,85,85,85,80,80,100,66,2.59463,0.824176,0.152625
2016/3/1 20:07,85,85,85,80,80,100,66,2.59463,0.824176,0.152625
2016/3/1 20:08,85,85,85,80,80,100,66,2.59463,0.824176,0.213675
2016/3/1 20:09,85,85,85,80,80,100,66,2.59463,0.824176,0.152625
2016/3/1 20:10,85,85,85,80,80,100,66,2.59463,0.824176,0.213675
2016/3/1 20:11,85,85,85,80,80,100,66,2.59463,0.824176,0.152625
2016/3/1 20:12,85,85,85,80,80,100,66,2.59463,0.824176,0.213675
2016/3/1 20:13,85,85,85,80,80,100,66,2.59463,0.824176,0.152625
2016/3/1 20:14,85,85,85,80,80,100,66,2.59463,0.824176,0.213675
2016/3/1 20:15,85,85,85,80,80,100,66,2.59463,0.824176,0.213675
2016/3/1 20:16,85,85,85,80,80,100,66,2.59463,0.824176,0.213675
2016/3/1 20:17,85,85,85,80,80,100,66,2.59463,0.824176,0.152625
2016/3/1 20:18,85,85,85,80,80,100,66,2.59463,0.824176,0.152625
2016/3/1 20:19,85,85,85,80,80,100,66,2.59463,0.824176,0.152625
2016/3/1 20:20,85,85,85,80,80,100,66,2.53358,0.824176,0.152625
2016/3/1 20:21,85,85,85,80,80,100,66,2.59463,0.824176,0.152625
2016/3/1 20:22,85,85,85,80,80,100,66,2.59463,0.824176,0.213675
2016/3/1 20:23,85,85,85,80,80,100,66,2.59463,0.824176,0.152625
2016/3/1 20:24,85,85,85,80,80,100,66,2.59463,0.824176,0.152625
2016/3/1 20:25,85,85,85,80,80,100,66,2.59463,0.824176,0.213675
2016/3/1 20:26,85,85,85,80,80,100,66,2.59463,0.824176,0.213675
2016/3/1 20:27,85,85,85,80,80,100,66,2.59463,0.824176,0.152625
2016/3/1 20:28,85,85,85,80,80,100,66,2.59463,0.824176,0.152625
2016/3/1 20:29,85,85,85,80,80,100,66,2.59463,0.824176,0.152625
2016/3/1 20:30,85,85,85,80,80,100,66,2.59463,0.824176,0.152625
2016/3/1 20:31,85,85,85,80,80,100,66,2.59463,0.824176,0.213675
2016/3/1 20:32,85,85,85,80,80,100,66,2.59463,0.824176,0.152625
2016/3/1 20:33,85,85,85,80,80,100,66,2.59463,0.824176,0.213675
2016/3/1 20:34,85,85,80,80,80,100,66,2.59463,0.824176,0.152625
2016/3/1 20:35,85,85,80,80,80,100,66,2.59463,0.824176,0.213675
2016/3/1 20:36,85,85,80,80,80,100,66,2.59463,0.824176,0.152625
2016/3/1 20:37,85,85,80,80,80,100,66,2.59463,0.824176,0.152625
2016/3/1 20:38,85,85,80,80,80,100,66,2.59463,0.824176,0.152625
2016/3/1 20:39,85,85,80,80,80,100,66,2.59463,0.824176,0.213675
2016/3/1 20:40,85,85,80,80,80,100,66,2.59463,0.824176,0.152625
2016/3/1 20:41,85,85,80,80,80,100,66,2.59463,0.824176,0.213675
2016/3/1 20:42,85,85,80,80,80,100,66,2.59463,0.824176,0.152625
2016/3/1 20:43,85,85,80,80,80,100,66,2.59463,0.824176,0.152625
2016/3/1 20:44,85,85,80,80,80,100,66,2.59463,0.824176,0.152625
2016/3/1 20:45,85,85,80,80,80,100,70,2.59463,0.824176,0.213675
2016/3/1 20:46,85,85,80,80,80,100,70,2.59463,0.824176,0.152625
2016/3/1 20:47,85,85,80,80,80,100,70,2.59463,0.824176,0.213675
2016/3/1 20:48,85,85,80,80,80,100,70,2.59463,0.824176,0.152625
2016/3/1 20:49,85,85,80,80,80,100,70,2.59463,0.824176,0.152625
2016/3/1 20:50,85,85,80,80,80,100,70,2.59463,0.824176,0.152625
2016/3/1 20:51,85,85,80,80,80,100,70,2.59463,0.824176,0.152625
2016/3/1 20:52,85,85,80,80,80,100,70,2.59463,0.824176,0.152625
2016/3/1 20:53,85,85,80,80,80,100,70,2.59463,0.824176,0.152625
2016/3/1 20:54,85,85,80,80,80,100,70,2.59463,0.824176,0.152625
2016/3/1 20:55,85,85,80,80,80,100,70,2.59463,0.824176,0.152625
2016/3/1 20:56,85,85,80,80,80,100,70,2.59463,0.824176,0.152625
2016/3/1 20:57,85,85,80,80,80,100,70,2.59463,0.824176,0.213675
2016/3/1 20:58,85,85,80,80,80,100,70,2.59463,0.824176,0.152625
2016/3/1 20:59,85,85,80,80,80,100,70,2.59463,0.824176,0.152625
2016/3/1 21:00,85,85,80,80,80,100,70,2.59463,0.824176,0.213675
2016/3/1 21:01,85,85,80,80,80,100,70,2.59463,0.824176,0.152625
2016/3/1 21:02,85,85,80,80,80,100,70,2.59463,0.824176,0.152625
2016/3/1 21:03,85,85,80,80,80,100,70,2.59463,0.824176,0.152625
2016/3/1 21:04,85,85,80,80,80,100,70,2.59463,0.824176,0.152625
2016/3/1 21:05,85,85,80,80,80,100,70,2.59463,0.824176,0.152625
2016/3/1 21:06,85,85,80,80,80,100,70,2.59463,0.824176,0.152625
2016/3/1 21:07,85,85,80,80,80,100,70,2.59463,0.824176,0.213675
2016/3/1 21:08,85,85,80,80,80,100,70,2.59463,0.824176,0.213675
2016/3/1 21:09,85,85,80,80,80,100,70,2.59463,0.824176,0.213675
2016/3/1 21:10,85,85,80,80,80,100,70,2.59463,0.824176,0.152625
2016/3/1 21:11,85,85,80,80,80,100,70,2.59463,0.824176,0.152625
2016/3/1 21:12,85,85,80,80,80,100,70,2.59463,0.824176,0.152625
2016/3/1 21:13,85,85,80,80,80,100,70,2.59463,0.824176,0.152625
2016/3/1 21:14,85,85,80,80,80,100,70,2.59463,0.824176,0.152625
2016/3/1 21:15,85,85,80,80,80,100,70,2.59463,0.824176,0.152625
2016/3/1 21:16,85,85,80,80,80,100,70,2.59463,0.824176,0.152625
2016/3/1 21:17,85,85,80,80,80,100,70,2.59463,0.824176,0.152625
2016/3/1 21:18,85,85,80,80,80,100,70,2.59463,0.824176,0.152625
2016/3/1 21:19,85,85,80,80,80,100,70,2.59463,0.824176,0.152625
2016/3/1 21:20,85,85,80,80,80,100,70,2.59463,0.824176,0.152625
2016/3/1 21:21,85,85,80,80,80,100,70,2.59463,0.824176,0.213675
2016/3/1 21:22,85,85,80,80,80,100,70,2.59463,0.824176,0.152625
2016/3/1 21:23,85,85,80,80,80,100,70,2.59463,0.824176,0.152625
2016/3/1 21:24,85,85,80,80,80,100,70,2.59463,0.824176,0.213675
2016/3/1 21:25,85,85,80,80,80,100,70,2.59463,0.824176,0.152625
2016/3/1 21:26,85,85,80,80,75,100,70,2.59463,0.824176,0.152625
2016/3/1 21:27,85,85,80,80,75,100,70,2.59463,0.824176,0.152625
2016/3/1 21:28,85,85,80,80,75,100,70,2.59463,0.824176,0.152625
2016/3/1 21:29,85,85,80,80,75,100,70,2.59463,0.824176,0.152625
2016/3/1 21:30,85,85,80,80,75,100,70,2.59463,0.824176,0.152625
2016/3/1 21:31,85,85,80,80,75,100,70,2.59463,0.824176,0.152625
2016/3/1 21:32,85,85,80,80,75,100,70,2.59463,0.824176,0.152625
2016/3/1 21:33,85,85,80,80,75,100,70,2.59463,0.824176,0.213675
2016/3/1 21:34,85,85,80,80,75,100,70,2.59463,0.824176,0.213675
2016/3/1 21:35,85,85,80,80,75,100,70,2.59463,0.824176,0.213675
2016/3/1 21:36,85,85,80,80,75,100,70,2.59463,0.824176,0.152625
2016/3/1 21:37,85,85,80,80,75,100,70,2.59463,0.824176,0.152625
2016/3/1 21:38,85,85,80,80,75,100,70,2.59463,0.824176,0.152625
2016/3/1 21:39,85,85,80,80,75,100,70,2.59463,0.824176,0.213675
2016/3/1 21:40,85,85,80,80,75,100,70,2.59463,0.824176,0.152625
2016/3/1 21:41,85,85,80,80,75,100,70,2.59463,0.824176,0.213675
2016/3/1 21:42,85,85,80,80,75,100,70,2.59463,0.824176,0.152625
2016/3/1 21:43,85,85,80,80,75,100,70,2.59463,0.824176,0.152625
2016/3/1 21:44,85,85,80,80,75,100,70,2.59463,0.824176,0.152625
2016/3/1 21:45,85,85,80,80,75,100,70,2.59463,0.824176,0.213675
2016/3/1 21:46,85,85,80,80,75,100,70,2.59463,0.824176,0.152625
2016/3/1 21:47,85,85,80,80,75,100,70,2.59463,0.824176,0.152625
2016/3/1 21:48,85,85,80,80,75,100,70,2.59463,0.824176,0.152625
2016/3/1 21:49,85,85,80,80,75,100,70,2.59463,0.824176,0.152625
2016/3/1 21:50,85,85,80,80,75,100,70,2.59463,0.824176,0.213675
2016/3/1 21:51,85,85,80,80,75,100,70,2.59463,0.824176,0.152625
2016/3/1 21:52,85,85,80,80,75,100,70,2.59463,0.824176,0.152625
2016/3/1 21:53,85,85,80,80,75,100,70,2.59463,0.824176,0.152625
2016/3/1 21:54,85,85,80,80,75,100,70,2.59463,0.824176,0.152625
2016/3/1 21:55,85,85,80,80,75,100,70,2.59463,0.824176,0.152625
2016/3/1 21:56,85,85,80,80,75,100,70,2.59463,0.824176,0.213675
2016/3/1 21:57,85,85,80,80,75,100,70,2.59463,0.824176,0.152625
2016/3/1 21:58,85,85,80,80,75,100,70,2.59463,0.824176,0.152625
2016/3/1 21:59,80,80,80,80,80,100,70,2.59463,0.824176,0.213675
2016/3/1 22:00,80,80,80,80,80,100,70,2.59463,0.824176,0.152625
2016/3/1 22:01,80,80,80,80,80,100,70,2.59463,0.824176,0.213675
2016/3/1 22:02,80,80,80,80,80,100,70,2.59463,0.824176,0.152625
2016/3/1 22:03,80,80,80,80,80,100,70,2.59463,0.824176,0.152625
2016/3/1 22:04,80,80,80,80,80,100,70,2.59463,0.824176,0.213675
2016/3/1 22:05,80,80,80,80,80,100,70,2.59463,0.824176,0.152625
2016/3/1 22:06,80,80,80,80,80,100,70,2.59463,0.824176,0.213675
2016/3/1 22:07,80,80,80,80,80,100,70,2.59463,0.824176,0.213675
2016/3/1 22:08,80,80,80,80,80,100,70,2.59463,0.824176,0.213675
2016/3/1 22:09,80,80,80,80,80,100,70,2.59463,0.824176,0.213675
2016/3/1 22:10,80,80,80,80,80,100,70,2.59463,0.824176,0.213675
2016/3/1 22:11,80,80,80,80,80,100,70,2.59463,0.824176,0.152625
2016/3/1 22:12,80,80,80,80,80,100,70,2.59463,0.824176,0.213675
2016/3/1 22:13,80,80,80,75,80,100,70,2.59463,0.824176,0.152625
2016/3/1 22:14,80,80,80,75,80,100,70,2.59463,0.824176,0.152625
2016/3/1 22:15,80,80,80,75,80,100,70,2.59463,0.824176,0.152625
2016/3/1 22:16,80,80,80,75,80,100,70,2.59463,0.824176,0.152625
2016/3/1 22:17,80,80,80,75,80,100,70,2.59463,0.824176,0.213675
2016/3/1 22:18,80,80,80,75,80,100,70,2.59463,0.824176,0.152625
2016/3/1 22:19,80,80,80,75,80,100,70,2.59463,0.824176,0.152625
2016/3/1 22:20,80,80,80,75,80,100,70,2.59463,0.824176,0.152625
2016/3/1 22:21,80,80,80,75,80,100,70,2.59463,0.824176,0.152625
2016/3/1 22:22,80,80,80,75,80,100,70,2.59463,0.824176,0.152625
2016/3/1 22:23,80,80,80,75,80,100,70,2.59463,0.824176,0.213675
2016/3/1 22:24,80,80,80,75,80,100,70,2.59463,0.824176,0.213675
2016/3/1 22:25,80,80,80,75,80,100,70,2.59463,0.824176,0.213675
2016/3/1 22:26,80,80,80,75,80,100,70,2.59463,0.824176,0.152625
2016/3/1 22:27,80,80,80,80,80,100,70,2.59463,0.824176,0.152625
2016/3/1 22:28,80,80,80,80,80,100,70,2.59463,0.824176,0.152625
2016/3/1 22:29,80,80,80,80,80,100,70,2.59463,0.824176,0.152625
2016/3/1 22:30,80,80,80,80,80,100,70,2.59463,0.824176,0.152625
2016/3/1 22:31,80,80,80,80,80,100,70,2.59463,0.824176,0.213675
2016/3/1 22:32,80,80,80,80,80,100,70,2.59463,0.824176,0.152625
2016/3/1 22:33,80,80,80,80,80,100,70,2.59463,0.824176,0.152625
2016/3/1 22:34,80,80,80,80,80,100,70,2.59463,0.824176,0.152625
2016/3/1 22:35,80,80,80,80,80,100,70,2.59463,0.824176,0.152625
2016/3/1 22:36,80,80,80,80,80,100,70,2.59463,0.824176,0.152625
2016/3/1 22:37,80,80,80,80,80,100,70,2.59463,0.824176,0.152625
2016/3/1 22:38,80,80,80,80,80,100,70,2.59463,0.824176,0.152625
2016/3/1 22:39,80,80,80,80,80,100,70,2.59463,0.824176,0.152625
2016/3/1 22:40,80,80,80,80,80,100,70,2.59463,0.824176,0.213675
2016/3/1 22:41,80,80,80,80,80,100,70,2.59463,0.824176,0.152625
2016/3/1 22:42,80,80,80,80,80,100,70,2.59463,0.824176,0.152625
2016/3/1 22:43,80,80,80,80,80,100,70,2.59463,0.824176,0.152625
2016/3/1 22:44,80,80,80,80,80,100,70,2.59463,0.824176,0.152625
2016/3/1 22:45,80,80,80,80,80,100,70,2.59463,0.824176,0.152625
2016/3/1 22:46,80,80,80,80,80,100,70,2.59463,0.824176,0.213675
2016/3/1 22:47,80,80,80,80,80,100,70,2.59463,0.824176,0.152625
2016/3/1 22:48,80,80,80,80,80,100,70,2.59463,0.824176,0.152625
2016/3/1 22:49,80,80,80,80,80,100,70,2.59463,0.824176,0.152625
2016/3/1 22:50,80,80,80,80,80,100,70,2.59463,0.824176,0.152625
2016/3/1 22:51,80,80,80,80,80,100,70,2.59463,0.824176,0.152625
2016/3/1 22:52,80,80,80,80,80,100,70,2.59463,0.824176,0.152625
2016/3/1 22:53,80,80,80,80,80,100,70,2.59463,0.824176,0.152625
2016/3/1 22:54,80,80,80,80,80,100,70,2.59463,0.824176,0.152625
2016/3/1 22:55,80,80,80,80,80,100,70,2.59463,0.824176,0.213675
2016/3/1 22:56,80,80,80,80,80,100,70,2.59463,0.824176,0.152625
2016/3/1 22:57,80,80,80,80,80,100,100,2.59463,0.824176,0.152625
2016/3/1 22:58,80,80,80,80,80,100,100,2.59463,0.824176,0.152625
2016/3/1 22:59,80,80,80,80,80,100,100,2.59463,0.824176,0.152625
2016/3/1 23:00,80,80,80,80,80,100,100,2.59463,0.824176,0.213675
2016/3/1 23:01,80,80,80,80,80,100,100,2.59463,0.824176,0.152625
2016/3/1 23:02,80,80,80,80,80,100,100,2.59463,0.824176,0.152625
2016/3/1 23:03,80,80,80,80,80,100,100,2.59463,0.824176,0.213675
2016/3/1 23:04,85,85,85,85,85,100,100,2.59463,0.824176,0.152625
2016/3/1 23:05,85,85,85,85,85,100,100,2.59463,0.824176,0.152625
2016/3/1 23:06,85,85,85,85,85,100,100,2.59463,0.824176,0.152625
2016/3/1 23:07,85,85,85,85,85,100,100,2.59463,0.824176,0.152625
2016/3/1 23:08,85,85,85,85,85,100,100,2.59463,0.824176,0.152625
2016/3/1 23:09,85,85,85,85,85,100,100,2.59463,0.824176,0.152625
2016/3/1 23:10,85,85,85,85,85,100,100,2.59463,0.824176,0.152625
2016/3/1 23:11,85,85,85,85,85,100,100,2.59463,0.824176,0.152625
2016/3/1 23:12,85,85,85,85,85,100,70,2.59463,0.824176,0.152625
2016/3/1 23:13,85,85,85,85,85,100,70,2.59463,0.824176,0.152625
2016/3/1 23:14,85,85,85,85,85,100,70,2.59463,0.824176,0.152625
2016/3/1 23:15,85,85,85,85,85,100,70,2.59463,0.824176,0.152625
2016/3/1 23:16,85,85,85,85,85,100,70,2.59463,0.824176,0.152625
2016/3/1 23:17,85,85,85,85,85,100,70,2.59463,0.824176,0.213675
2016/3/1 23:18,85,85,85,85,85,100,70,2.59463,0.824176,0.213675
2016/3/1 23:19,85,85,85,85,85,100,70,2.59463,0.824176,0.152625
2016/3/1 23:20,85,85,85,85,85,100,70,2.59463,0.824176,0.152625
2016/3/1 23:21,85,85,85,85,85,100,66,2.59463,0.824176,0.152625
2016/3/1 23:22,85,85,85,85,85,100,66,2.59463,0.824176,0.152625
2016/3/1 23:23,85,85,85,85,85,100,66,2.59463,0.824176,0.152625
2016/3/1 23:24,85,85,85,85,85,100,66,2.59463,0.824176,0.152625
2016/3/1 23:25,85,85,85,85,85,100,66,2.59463,0.824176,0.152625
2016/3/1 23:26,85,85,85,85,85,100,66,2.59463,0.824176,0.152625
2016/3/1 23:27,85,85,85,85,85,100,66,2.59463,0.824176,0.152625
2016/3/1 23:28,85,85,85,85,85,100,66,2.59463,0.824176,0.152625
2016/3/1 23:29,85,85,85,85,85,100,66,2.59463,0.824176,0.152625
2016/3/1 23:30,85,85,85,85,85,100,66,2.59463,0.824176,0.152625
2016/3/1 23:31,85,85,85,85,85,100,66,2.59463,0.824176,0.152625
2016/3/1 23:32,85,85,85,85,85,100,66,2.59463,0.824176,0.152625
2016/3/1 23:33,85,85,85,85,85,100,66,2.59463,0.824176,0.152625
2016/3/1 23:34,85,85,85,85,85,100,66,2.59463,0.824176,0.213675
2016/3/1 23:35,85,85,85,85,85,100,66,2.59463,0.824176,0.152625
2016/3/1 23:36,85,85,85,85,85,100,66,2.59463,0.824176,0.213675
2016/3/1 23:37,85,85,85,85,85,100,66,2.59463,0.824176,0.152625
2016/3/1 23:38,85,85,85,85,85,100,66,2.59463,0.824176,0.152625
2016/3/1 23:39,85,85,85,85,85,100,66,2.59463,0.824176,0.213675
2016/3/1 23:40,85,85,85,85,85,100,66,2.59463,0.824176,0.213675
2016/3/1 23:41,85,85,85,85,85,100,66,2.59463,0.824176,0.213675
2016/3/1 23:42,85,85,85,85,85,100,66,2.59463,0.824176,0.213675
2016/3/1 23:43,85,85,85,85,85,100,66,2.59463,0.824176,0.152625
2016/3/1 23:44,85,85,85,85,85,100,66,2.59463,0.824176,0.213675
2016/3/1 23:45,85,85,85,85,85,100,66,2.59463,0.824176,0.152625
2016/3/1 23:46,85,85,85,85,85,100,66,2.59463,0.824176,0.152625
2016/3/1 23:47,85,85,85,85,85,100,66,2.59463,0.824176,0.152625
2016/3/1 23:48,85,85,85,85,85,100,66,2.59463,0.824176,0.213675
2016/3/1 23:49,85,85,85,85,85,100,66,2.59463,0.824176,0.152625
2016/3/1 23:50,85,85,85,85,85,100,66,2.59463,0.824176,0.152625
2016/3/1 23:51,85,85,85,85,85,100,66,2.59463,0.824176,0.152625
2016/3/1 23:52,85,85,85,85,85,100,66,2.59463,0.824176,0.152625
2016/3/1 23:53,85,85,85,85,85,100,66,2.59463,0.824176,0.152625
2016/3/1 23:54,85,85,85,85,85,100,66,2.59463,0.824176,0.152625
2016/3/1 23:55,85,85,85,85,85,100,66,2.59463,0.824176,0.152625
2016/3/1 23:56,85,85,85,85,85,100,66,2.59463,0.824176,0.152625
2016/3/1 23:57,85,85,85,85,85,100,66,2.59463,0.824176,0.152625
2016/3/1 23:58,85,85,85,85,85,100,66,2.59463,0.824176,0.152625
2016/3/1 23:59,85,85,85,85,85,100,66,2.59463,0.824176,0.152625
